id,var1,var2,var3,var4,var5,var6,var7,var8,var9,var10,var11,var12,var13,var14,var15,var16,var17,var18,var19,var20,var21,age,sex,pop1,pop2,pop3,qt,affected
1,0,0,0,0,0,0,0,0,0,0,0,0,0,0,0,0,0,0,1,0,0,54.37667258,1,0,0,0,39.33757165,0
2,0,0,0,0,0,0,0,0,0,0,0,0,0,0,0,0,0,0,0,0,0,68.84894835,2,0,0,0,51.86261746,0
3,0,0,0,0,0,0,0,0,0,0,0,0,0,0,0,0,0,0,0,0,0,45.89149123,2,0,1,0,63.3524651,0
4,0,0,0,0,0,0,0,0,0,0,0,0,0,0,0,0,0,0,0,0,0,45.3153137,2,0,0,0,32.17914322,0
5,0,0,0,0,0,0,0,0,0,0,0,0,0,0,0,0,0,0,0,0,0,44.32415119,2,0,1,0,25.62157496,0
6,0,0,0,0,0,0,0,0,0,0,0,0,0,0,0,0,0,0,1,0,0,68.253494,1,0,0,0,58.33558545,0
7,0,0,0,0,0,0,0,0,0,0,0,0,0,0,0,0,0,0,0,0,0,62.69241671,2,1,0,0,54.29052145,0
8,0,0,0,0,0,0,0,0,0,0,0,0,0,0,0,0,0,0,0,1,0,72.49218458,1,0,0,1,75.24494574,1
9,0,0,0,0,0,0,0,0,0,0,0,0,0,0,0,0,1,0,0,0,0,50.94043021,2,1,0,0,52.56481029,0
10,0,0,0,0,0,0,0,0,0,0,0,0,0,0,0,0,0,0,0,1,0,73.72992043,1,1,0,0,19.99221557,1
11,0,0,0,0,0,0,0,0,0,0,0,0,0,0,0,1,0,0,0,1,1,52.57297928,1,0,0,1,41.46836282,0
12,0,0,0,0,0,0,0,0,0,0,0,0,0,0,0,0,0,0,0,0,1,54.82015848,1,1,0,0,24.83116204,0
13,0,0,0,0,0,0,0,0,0,0,0,0,0,0,0,0,0,0,0,0,0,62.48059384,1,0,0,1,46.51978629,0
14,0,0,0,0,0,0,0,0,0,0,0,0,0,0,0,0,0,0,1,0,1,65.81980385,2,1,0,0,50.60429517,0
15,0,0,0,0,0,0,0,0,0,0,0,0,0,0,0,0,0,0,0,0,0,65.78734836,1,0,0,0,59.64689738,0
16,0,0,0,0,0,0,0,0,0,0,0,0,0,0,0,0,0,0,0,0,0,50.59922467,1,0,1,0,62.68965536,1
17,0,0,0,0,0,0,0,0,0,0,0,0,0,0,0,0,0,0,0,1,0,50.10496111,1,0,0,1,50.53940892,0
18,0,0,0,0,0,0,0,0,0,0,0,0,0,0,0,0,0,0,1,0,1,55.04530498,2,0,0,1,32.28387272,0
19,0,0,0,0,0,0,0,0,0,0,0,0,0,0,0,0,0,0,0,0,0,63.47929163,2,0,0,1,50.57641044,0
20,0,0,0,0,0,0,0,0,0,0,0,0,0,0,0,0,0,0,0,0,0,67.46592957,2,0,0,0,28.13476406,0
21,0,0,0,0,0,0,0,0,0,0,0,0,0,0,0,0,0,0,0,0,0,60.4476716,2,0,1,0,53.30289038,0
22,0,0,0,0,0,0,0,0,0,0,0,0,0,0,0,0,0,0,0,0,1,54.93367946,1,1,0,0,46.23105279,0
23,0,0,0,0,0,0,0,0,0,0,0,0,0,0,0,0,0,0,0,0,0,52.86447554,2,0,0,0,27.84771886,0
24,0,0,0,0,0,0,0,0,0,0,0,0,0,0,0,0,0,0,1,0,0,80.69344656,2,0,0,1,68.95573285,0
25,0,0,0,0,0,0,0,0,0,0,0,0,0,0,0,0,0,0,0,0,0,61.38549009,1,0,0,0,42.6528567,1
26,0,0,0,0,0,0,0,0,0,0,0,0,0,0,0,0,0,0,0,0,0,37.82353645,1,0,0,1,48.29114033,0
27,0,0,0,0,0,0,0,0,0,0,0,0,0,0,0,0,0,0,0,0,0,57.49054359,2,0,0,0,48.82885761,0
28,0,0,0,0,0,0,0,0,0,0,0,0,0,0,0,0,0,0,0,1,0,65.74723627,2,0,1,0,64.52951652,0
29,0,0,0,0,0,0,0,0,0,0,0,0,0,0,0,0,0,0,0,0,0,59.0517133,2,0,0,1,65.19572425,1
30,0,0,0,0,0,0,0,0,0,0,0,0,0,0,0,0,0,0,0,0,0,54.30408956,1,0,1,0,41.81017684,0
31,0,0,0,0,0,0,0,0,0,0,0,0,0,0,0,0,0,0,0,0,0,51.7356226,1,0,0,1,61.23698748,0
32,0,0,0,0,0,0,0,0,0,0,0,0,0,0,0,0,0,0,0,0,0,47.46351377,2,0,1,0,65.09827599,0
33,0,0,0,0,0,0,0,0,0,0,0,0,0,0,0,0,0,0,0,0,0,69.58080898,1,1,0,0,45.4157799,0
34,0,0,0,0,0,0,0,0,0,0,0,0,0,0,0,0,0,0,0,0,0,59.15135269,1,0,1,0,52.4365922,0
35,0,0,0,0,0,0,0,0,0,0,0,0,0,0,0,0,0,0,0,0,0,59.36325393,2,0,1,0,32.92867064,0
36,0,0,0,0,0,0,0,0,0,0,0,0,0,0,0,0,0,0,0,0,0,82.98852537,1,0,1,0,40.81261223,0
37,0,0,0,0,0,0,0,0,0,0,0,0,0,0,0,0,0,0,1,0,0,65.07828102,1,0,0,0,57.71574841,0
38,0,0,0,0,0,0,0,0,0,0,0,0,0,0,0,0,0,0,0,0,1,83.22590439,1,1,0,0,34.354706,0
39,0,0,0,0,0,0,0,0,0,0,0,0,0,0,0,0,0,0,0,1,0,69.29377376,2,1,0,0,43.73909173,0
40,0,0,0,0,0,0,0,0,0,0,0,0,0,0,0,0,0,0,0,1,0,58.26628607,2,1,0,0,49.17776062,0
41,0,0,0,0,0,0,0,0,0,0,0,0,0,0,0,0,0,0,0,0,0,62.61971571,2,0,0,1,57.84792157,0
42,0,0,0,0,0,0,0,0,0,0,0,0,0,0,0,0,0,0,0,0,0,64.39134848,1,1,0,0,48.20697343,0
43,0,0,0,0,0,0,0,0,0,0,0,0,0,0,1,0,0,0,1,0,0,74.8454391,2,1,0,0,84.92495504,0
44,0,0,0,0,0,0,0,0,0,0,0,0,0,0,0,0,0,0,0,0,1,53.73285296,2,0,1,0,42.3743245,0
45,0,0,0,0,0,0,0,0,0,0,0,0,0,0,0,0,0,0,0,0,0,53.29586813,2,1,0,0,40.06803568,0
46,0,0,0,0,0,0,0,0,0,0,0,0,0,0,0,0,0,0,0,0,0,70.99379068,1,0,0,1,45.85260551,0
47,0,0,0,0,0,0,0,0,0,0,0,0,0,0,0,0,0,0,0,0,0,38.45158417,2,1,0,0,48.71768327,1
48,0,0,0,0,0,0,0,0,0,0,0,0,0,0,0,0,0,0,0,0,0,56.7735153,2,0,0,1,45.18307035,0
49,0,0,0,0,0,0,0,0,0,0,0,0,0,0,0,0,0,0,0,1,0,58.75756809,1,1,0,0,33.92754218,0
50,0,0,0,0,0,0,0,0,0,0,0,0,0,0,0,0,0,0,0,0,1,58.66942991,1,0,0,1,42.22207509,0
51,0,0,0,0,0,0,0,0,0,0,0,0,0,0,0,0,0,0,0,0,0,57.08361875,1,1,0,0,42.08958119,0
52,0,0,0,0,0,0,0,0,0,0,0,0,0,0,0,0,0,0,1,0,0,49.67641482,2,0,1,0,56.19235284,0
53,0,0,0,0,0,0,0,0,0,0,0,0,0,0,0,0,0,0,0,1,0,47.75091656,2,1,0,0,37.29067718,0
54,0,0,0,0,0,0,0,0,0,0,0,0,0,0,0,0,0,0,0,0,0,56.86613839,2,1,0,0,41.78884555,0
55,0,0,0,0,0,0,0,0,0,0,0,0,0,0,0,0,0,0,0,0,0,49.10028963,1,1,0,0,57.1213401,0
56,0,0,0,0,0,0,0,0,0,0,0,0,0,0,0,0,0,0,0,0,0,71.27109903,2,1,0,0,43.65356393,0
57,0,0,0,0,0,0,0,0,0,0,0,0,0,0,0,0,0,0,0,0,0,77.14962758,1,1,0,0,40.03500815,0
58,0,0,0,0,0,0,0,0,0,0,0,0,0,0,0,0,0,0,0,0,0,70.09172778,2,0,1,0,52.35640562,0
59,0,0,0,0,0,0,0,0,0,0,0,0,0,0,0,0,0,0,0,0,0,57.40929312,1,0,1,0,58.2097342,0
60,0,0,0,0,0,0,0,0,0,0,0,0,0,0,0,0,0,0,1,0,0,67.76149166,1,0,1,0,60.60845059,0
61,0,0,0,0,0,0,0,0,0,0,0,0,0,0,0,0,0,0,0,0,0,57.79649794,2,0,0,1,42.40544079,0
62,0,0,0,0,0,0,0,0,0,0,0,0,0,0,0,0,0,0,0,0,0,54.78414863,2,0,0,0,54.35651888,0
63,0,0,0,0,0,0,0,0,0,0,0,0,0,0,0,0,0,0,0,0,1,45.76908535,1,0,0,0,28.98723105,0
64,0,0,0,0,0,0,0,0,0,0,0,0,0,0,0,0,0,0,0,1,0,70.18659739,2,0,0,0,31.12711359,0
65,0,0,0,0,0,0,0,0,0,0,0,0,0,0,0,0,0,0,0,1,0,67.80287994,1,0,0,0,49.6149584,0
66,0,0,0,0,0,0,0,0,0,0,0,0,0,0,0,0,0,0,0,0,0,63.00459542,2,0,0,0,47.83624067,0
67,0,0,0,0,0,0,0,0,0,0,0,0,0,0,0,0,0,0,0,0,0,66.98181085,1,0,1,0,62.1081748,0
68,0,0,0,0,0,0,0,0,0,0,0,0,0,0,0,0,0,0,0,0,1,65.49296931,1,0,0,0,55.64899905,0
69,0,0,0,0,0,0,0,0,0,0,0,0,0,0,0,0,0,0,0,0,0,47.87905084,2,0,0,1,37.16043564,0
70,0,0,0,0,0,0,0,0,0,0,0,0,0,0,0,0,0,0,0,0,0,56.41343148,1,0,0,1,45.85243865,0
71,0,0,0,0,0,0,0,0,0,0,0,0,0,0,0,0,0,0,1,2,0,71.90611552,1,0,0,1,41.72912907,0
72,0,0,0,0,0,0,0,0,0,0,0,0,0,0,0,0,0,0,1,1,0,68.84544368,1,1,0,0,34.54856072,0
73,0,0,0,0,0,0,0,0,0,0,0,0,0,0,0,0,0,0,1,0,0,61.52483731,2,1,0,0,32.51192577,0
74,0,0,0,0,0,0,0,0,0,0,0,0,0,0,0,0,0,0,0,0,0,56.58141299,2,0,0,0,47.51129425,0
75,0,0,0,0,0,0,0,0,0,0,0,0,0,0,0,0,0,0,0,1,0,70.57656363,2,1,0,0,30.58322031,0
76,0,0,0,0,0,0,0,0,0,0,0,0,0,0,0,0,0,0,0,1,0,47.14656264,1,0,0,0,63.41559634,0
77,0,0,0,0,0,0,0,0,0,0,0,0,0,0,0,0,0,0,0,0,0,50.27526631,1,1,0,0,32.03092811,0
78,0,0,0,0,0,0,0,0,0,0,0,0,0,0,0,0,0,0,1,0,0,49.5194745,1,0,0,1,71.97970465,1
79,0,0,0,0,0,0,0,0,0,0,0,0,0,0,0,0,0,0,0,0,0,62.46214721,1,0,0,1,71.92174517,1
80,0,0,0,0,0,0,0,0,0,0,0,0,0,0,0,0,0,0,0,1,0,58.54585916,2,0,0,1,73.50711235,1
81,0,0,0,0,0,0,0,0,0,0,0,0,0,0,0,0,0,0,0,0,0,59.89379675,1,1,0,0,59.97635073,0
82,0,0,0,0,0,0,0,0,0,0,0,0,0,0,0,0,0,0,0,0,0,58.73489753,2,1,0,0,31.64202082,0
83,0,0,0,0,0,0,0,0,0,0,0,0,0,0,0,0,0,0,0,0,0,52.49620761,1,1,0,0,50.38736611,0
84,0,0,0,0,0,0,0,0,0,0,0,0,0,0,0,0,0,0,0,0,0,63.14509524,2,1,0,0,72.95932855,0
85,0,0,0,0,0,0,0,0,0,0,0,0,0,0,0,0,0,0,0,0,0,52.56083395,2,1,0,0,39.53949791,0
86,0,0,0,0,0,0,0,0,0,0,0,0,0,0,0,0,0,0,0,0,0,53.0894565,1,0,0,1,32.85503955,0
87,0,0,0,0,0,0,0,0,0,0,0,0,0,0,0,0,0,0,0,0,0,62.2730105,2,0,1,0,64.15764047,0
88,0,0,0,0,0,0,0,0,0,0,0,0,0,0,0,0,0,0,1,0,0,65.18839046,1,0,0,0,55.3087974,0
89,0,0,0,0,0,0,0,0,0,0,0,0,0,0,0,0,0,0,0,0,0,61.27506331,2,1,0,0,42.44801213,0
90,0,0,0,0,0,0,0,0,0,0,0,0,0,0,0,0,0,0,0,0,0,57.09217566,2,0,0,0,25.36140561,0
91,0,0,0,0,0,0,0,0,0,0,0,0,0,0,0,0,0,0,0,0,0,68.70411469,2,0,1,0,44.50920134,0
92,0,0,0,0,0,0,0,0,0,0,0,0,0,0,0,0,0,0,0,1,1,64.69400517,2,0,0,0,64.13915279,1
93,0,0,0,0,0,0,0,0,0,0,0,0,0,0,0,0,0,0,0,0,1,60.34200463,2,0,1,0,58.45490982,0
94,0,0,0,0,0,0,0,0,0,0,0,0,0,0,0,0,0,0,0,0,0,71.05796244,2,0,1,0,55.07989025,0
95,0,0,0,0,0,0,0,0,0,0,0,0,0,0,0,0,0,0,0,0,0,51.86807617,2,0,0,1,62.73405488,0
96,0,0,0,0,0,0,1,0,0,0,0,0,0,0,0,0,0,0,1,0,0,65.09533081,2,0,0,0,35.62868045,0
97,0,0,0,0,0,0,0,0,0,0,0,0,0,0,0,0,0,0,1,0,0,75.42100705,2,0,0,0,42.25607942,0
98,0,0,0,0,0,0,0,0,0,0,0,0,0,0,0,0,0,0,0,0,0,79.44987674,2,0,0,0,36.98454676,0
99,0,0,0,0,0,0,0,0,0,0,0,0,0,0,0,0,0,0,0,0,0,72.3729488,2,0,1,0,51.47633204,0
100,0,0,0,0,0,0,0,0,0,0,0,0,0,0,0,0,0,0,0,0,0,54.71065559,2,1,0,0,36.22555164,0
101,0,0,0,0,0,0,0,0,0,0,0,0,0,0,0,0,0,0,0,0,0,62.7483405,1,1,0,0,56.36911623,0
102,0,0,0,0,0,0,0,0,0,0,0,0,0,0,0,0,0,0,0,1,0,77.94593955,1,1,0,0,52.80662193,0
103,0,0,0,0,0,0,0,0,0,0,0,0,0,0,0,0,0,0,0,1,0,60.81343517,1,0,0,1,38.71203931,0
104,0,0,0,0,0,0,0,0,0,0,0,0,0,0,0,0,0,0,0,1,1,56.47693499,2,0,1,0,52.66682301,0
105,0,0,0,0,0,0,0,0,0,0,0,0,0,0,0,0,0,0,0,0,0,64.96675665,2,0,1,0,42.8500219,0
106,0,0,0,0,0,0,0,0,0,0,0,0,0,0,0,0,0,0,1,0,1,49.13733377,1,0,0,0,50.82318391,0
107,0,0,0,0,0,0,0,0,0,0,0,0,0,0,0,0,0,0,1,0,0,54.30955141,1,1,0,0,44.49079758,0
108,0,0,0,0,0,0,0,0,0,0,0,0,0,0,0,0,0,0,0,0,0,53.2353054,2,0,0,1,50.33235746,0
109,0,0,0,0,0,1,0,0,0,0,0,0,0,0,1,0,0,0,1,0,0,51.12594709,1,0,0,0,46.24105338,0
110,0,0,0,0,0,0,0,0,0,0,0,0,0,0,0,0,0,0,0,0,1,64.75087861,1,0,0,0,44.75848108,0
111,0,0,0,0,0,0,0,0,0,0,0,0,0,0,0,0,0,0,0,0,0,77.61809615,1,0,1,0,46.62747498,1
112,0,0,0,0,0,0,0,0,0,0,0,0,0,0,0,0,0,0,0,0,0,81.93179841,1,0,0,0,57.28796311,0
113,0,0,0,0,0,0,0,0,0,0,0,0,0,0,0,0,0,0,0,1,0,48.72421509,1,1,0,0,57.05667136,0
114,0,0,0,0,0,0,0,0,0,0,0,0,0,0,0,0,0,0,0,0,0,52.24020821,2,1,0,0,50.89682898,0
115,0,0,0,0,0,0,0,0,0,0,0,0,0,0,0,0,0,0,1,0,0,54.3967083,2,0,0,0,58.0679054,0
116,0,0,0,0,0,0,0,0,0,0,0,0,0,0,0,0,0,0,0,1,0,70.24479435,2,0,0,0,33.66650704,0
117,0,0,0,0,0,0,0,0,0,0,0,0,0,0,0,0,0,0,0,0,0,56.27263195,1,1,0,0,55.01297914,0
118,0,0,0,0,0,0,0,0,0,0,0,0,0,0,0,0,0,0,1,0,0,63.90477305,2,1,0,0,64.75395245,0
119,0,0,0,0,0,0,0,0,0,0,0,0,0,0,0,0,0,0,0,1,0,63.95768141,2,1,0,0,67.0573423,1
120,0,0,0,0,0,0,0,0,0,0,0,0,0,0,0,0,0,0,0,0,0,52.38408831,1,0,1,0,49.90591899,0
121,0,0,0,0,0,0,0,0,0,0,0,0,0,0,0,0,0,0,0,0,0,68.16253093,1,0,0,1,53.75169093,0
122,0,0,0,0,0,0,0,0,0,0,0,0,0,0,0,0,0,0,1,0,1,54.09699285,1,1,0,0,45.00628162,0
123,0,0,0,0,0,0,0,0,0,0,0,0,0,0,0,0,0,0,0,0,0,52.68102098,2,0,0,1,60.23702545,0
124,0,0,0,0,0,0,0,0,0,0,0,0,0,0,0,0,0,0,0,0,0,64.7249808,2,0,1,0,57.87181649,0
125,0,0,0,0,0,0,0,0,0,0,0,0,0,0,0,0,0,0,0,0,0,57.80724582,2,0,1,0,82.81873822,1
126,0,0,0,0,0,0,0,0,0,0,0,0,0,0,0,0,0,0,2,0,0,45.2574935,1,1,0,0,27.17185543,0
127,0,0,0,0,0,0,0,0,0,0,0,0,0,0,0,0,0,0,0,0,0,48.54843805,1,0,0,0,66.86510718,1
128,0,0,0,0,0,0,0,0,0,0,0,0,0,0,0,0,0,0,2,0,0,67.68329761,2,0,0,1,54.46375822,0
129,0,0,0,0,0,0,0,0,1,0,0,0,0,0,0,0,0,0,0,0,0,67.52764788,1,0,0,1,57.51445174,1
130,0,0,0,0,0,0,0,0,0,0,0,0,0,0,0,0,0,0,0,0,0,35.16908897,1,0,1,0,61.42091532,0
131,0,0,0,0,0,0,0,0,0,0,0,0,0,0,0,0,0,0,0,0,0,60.84639885,2,0,0,0,47.54914254,0
132,0,0,0,0,0,0,0,0,0,0,0,0,0,0,0,0,0,0,0,0,0,80.01264322,2,0,1,0,43.403959,0
133,0,0,0,0,0,0,0,0,0,0,0,0,0,0,0,0,0,0,0,0,0,55.01617937,1,1,0,0,39.16831563,0
134,0,0,0,0,0,0,0,0,0,0,0,0,0,0,0,0,0,0,0,0,0,61.98102327,1,1,0,0,45.42870335,0
135,0,0,0,0,0,0,0,0,0,0,0,0,0,0,0,0,0,0,0,1,0,50.67983328,2,0,0,0,52.67663122,0
136,0,0,0,0,0,0,0,0,0,0,0,0,0,0,0,0,0,0,0,0,0,62.91868896,2,0,1,0,48.40659132,0
137,0,0,0,0,0,0,0,0,0,0,0,0,0,0,0,0,0,0,0,0,0,54.65926688,2,1,0,0,26.04158095,0
138,0,0,0,0,0,0,0,0,0,0,0,0,0,0,0,0,0,0,1,0,0,71.07095355,2,0,0,1,53.44848675,0
139,0,0,0,0,0,0,0,0,0,0,0,0,0,0,0,0,0,0,0,0,0,43.2111708,2,0,0,0,55.37190431,0
140,0,0,0,0,0,0,0,0,0,0,0,0,0,0,0,0,0,0,0,0,0,46.87124429,1,0,1,0,53.89824982,0
141,0,0,0,0,0,0,1,0,0,0,0,0,0,0,0,0,0,0,0,0,0,59.79363561,2,0,0,0,63.01903921,0
142,0,0,0,0,0,0,0,0,0,0,0,0,0,0,0,0,0,0,0,2,0,63.39258996,1,1,0,0,52.27118189,0
143,0,0,0,0,0,0,0,0,0,0,0,0,0,0,0,0,0,0,0,1,0,55.96149472,1,1,0,0,35.37481891,0
144,0,0,0,0,0,0,0,0,0,0,0,0,0,0,0,0,0,0,0,1,0,64.96636482,1,0,1,0,52.1713429,0
145,0,0,0,0,0,1,0,0,0,0,0,0,0,0,0,0,0,0,0,1,0,74.48849596,1,0,1,0,52.16152657,0
146,0,0,0,0,0,0,0,0,0,0,0,0,0,0,0,0,0,0,0,0,0,74.87300438,1,1,0,0,49.35324523,1
147,0,0,0,0,0,0,0,0,0,0,0,0,0,0,0,0,0,0,0,1,0,48.51191235,2,1,0,0,61.49467874,1
148,0,0,0,0,0,0,0,0,0,0,0,0,0,0,0,0,0,0,0,1,0,62.26810965,1,1,0,0,61.92690891,0
149,0,0,0,0,0,0,0,0,0,0,0,0,0,0,0,0,0,0,0,0,0,74.12888643,2,0,0,0,71.9279573,1
150,0,0,0,0,0,0,0,0,0,0,0,0,0,0,0,0,0,0,0,0,0,57.80049428,2,0,0,1,46.03346288,0
151,0,0,0,0,0,0,0,0,0,0,0,0,0,0,0,0,0,0,1,0,0,56.00961347,2,1,0,0,44.65649311,0
152,0,0,0,0,0,0,0,0,0,0,0,0,0,0,0,0,0,0,0,0,0,59.85370115,1,0,0,0,55.52997001,0
153,0,0,0,0,0,0,0,0,0,0,0,0,0,0,0,0,0,0,0,0,0,50.43878277,2,0,0,1,51.62881142,0
154,0,0,0,0,0,0,0,0,0,0,0,0,0,0,0,0,1,0,0,0,0,57.77347762,1,1,0,0,53.41977463,0
155,0,0,0,0,0,0,0,0,0,0,0,0,0,0,0,0,0,0,1,0,0,46.11836423,1,1,0,0,28.30314422,0
156,0,0,0,0,0,0,0,0,0,0,0,0,0,0,0,0,0,0,0,0,0,62.93849818,1,0,0,0,44.18303586,0
157,0,0,0,0,0,0,0,0,0,0,0,0,0,0,0,0,0,0,0,0,0,70.87216573,1,0,1,0,69.93392617,0
158,0,0,0,0,0,0,0,0,0,0,0,0,0,0,0,0,0,0,0,0,1,51.02777618,2,0,0,0,68.44376969,1
159,0,0,0,0,0,0,0,0,0,0,0,0,0,0,0,0,0,0,0,1,0,73.02624253,1,0,0,0,41.56477559,0
160,0,0,0,0,0,0,0,0,0,0,0,0,0,0,0,0,0,0,0,1,0,71.69472268,2,0,0,1,62.58577376,0
161,0,0,0,0,0,0,0,0,0,0,0,0,0,0,0,0,0,0,0,0,0,75.66409461,1,0,1,0,47.67948214,0
162,0,0,0,0,0,0,0,0,0,0,0,0,0,0,0,0,0,0,1,0,0,62.76637448,2,1,0,0,57.37188086,0
163,0,0,0,0,0,0,0,0,0,0,0,0,0,0,0,0,0,0,1,0,0,59.27444377,2,0,0,0,32.96875109,0
164,0,0,0,0,0,0,0,0,0,0,0,0,0,0,0,0,0,0,0,1,0,58.04843481,1,1,0,0,41.62519131,0
165,0,0,0,0,0,0,0,0,0,0,0,0,0,0,0,0,0,0,1,0,0,55.18277977,1,0,0,0,31.50027653,0
166,0,0,0,0,0,0,0,0,0,0,0,0,0,0,0,0,0,0,0,0,0,79.03493115,1,1,0,0,68.70639795,0
167,0,0,0,0,0,0,0,0,0,0,0,0,0,0,0,0,0,0,0,0,0,76.30123993,1,0,0,0,63.50980702,0
168,0,0,0,0,0,0,0,0,0,0,0,0,0,0,0,0,0,0,0,0,0,66.29906435,2,0,1,0,65.59918784,1
169,0,0,0,0,0,0,0,0,0,0,0,0,0,0,0,0,0,0,0,1,0,60.07498503,2,0,1,0,43.60937317,1
170,0,0,0,0,0,0,0,0,0,0,0,0,0,0,0,0,0,0,0,0,0,66.8690256,2,1,0,0,62.63468291,0
171,0,0,0,0,0,0,0,0,0,0,0,0,0,0,0,0,0,0,0,0,0,62.7389212,1,0,0,0,27.94921359,0
172,0,0,0,0,0,0,0,0,0,0,0,0,0,0,0,0,0,0,0,0,1,70.43025008,2,1,0,0,44.68324959,0
173,0,0,0,0,0,0,0,0,0,0,0,0,0,0,0,0,0,0,0,0,1,55.6542329,2,1,0,0,7.592850187,0
174,0,0,0,0,0,0,0,0,0,0,0,0,0,0,0,0,0,0,0,0,0,66.5074738,2,1,0,0,46.01930573,0
175,0,0,0,0,0,0,0,0,0,0,0,0,0,0,0,0,0,0,0,0,0,55.08539685,2,0,1,0,55.95788758,0
176,0,0,0,0,0,0,0,0,0,0,0,0,0,0,0,0,0,0,0,0,0,57.9480328,2,0,0,0,50.24129771,0
177,0,0,0,0,0,0,0,0,0,0,0,0,0,0,0,0,0,0,0,0,0,50.75932408,2,1,0,0,52.36951743,0
178,0,0,0,0,0,0,0,0,0,0,0,0,0,0,0,0,0,0,0,0,0,58.8108477,1,0,0,0,54.61649192,0
179,0,0,0,0,0,0,0,0,0,0,0,0,0,0,0,0,0,0,0,0,0,65.25221261,1,0,1,0,33.07103638,1
180,0,0,0,0,0,0,0,0,0,0,0,0,0,0,0,0,0,0,0,0,0,73.01087941,1,0,0,0,48.00792069,0
181,0,0,0,0,0,0,0,0,0,0,0,0,0,0,0,0,0,0,0,0,0,69.36399893,1,0,0,1,61.62307685,0
182,0,0,0,0,0,0,0,0,0,0,0,0,0,0,0,0,0,0,1,0,0,73.03303885,2,0,0,1,39.61854288,0
183,0,0,0,0,0,0,0,0,0,0,0,0,0,0,0,0,0,0,0,1,0,59.91420587,2,1,0,0,41.00733748,0
184,0,0,0,0,0,0,0,0,0,0,0,0,0,0,0,0,0,0,0,0,0,47.83588246,1,1,0,0,30.6722179,0
185,0,0,0,0,0,0,0,0,0,0,0,0,0,0,0,0,0,0,0,0,0,89.28170856,2,0,0,0,19.36023457,0
186,0,0,0,0,0,0,0,0,0,0,0,0,0,0,0,0,0,0,1,0,0,67.59077322,2,1,0,0,38.47088742,0
187,0,0,0,0,0,0,0,0,0,0,0,0,0,0,0,0,0,0,0,1,0,62.25333723,2,0,1,0,59.55954453,1
188,0,0,0,0,0,0,0,0,0,0,0,0,0,0,0,0,0,0,2,1,0,59.88834299,2,1,0,0,62.77733442,0
189,0,0,0,0,0,0,0,0,0,0,0,0,0,0,0,0,0,0,0,0,0,56.05302152,1,0,1,0,25.41250469,0
190,0,0,0,0,0,0,0,0,0,0,0,0,0,0,0,0,0,0,0,0,0,45.32682743,2,0,1,0,52.98918622,0
191,0,0,0,0,0,0,0,0,0,0,0,0,0,0,0,0,0,0,0,0,0,58.97455263,2,1,0,0,59.81347594,0
192,0,0,0,0,0,0,0,0,0,0,0,0,0,0,0,0,0,0,0,0,0,33.96678385,1,1,0,0,48.55629515,0
193,0,0,0,0,0,0,0,0,0,0,0,0,0,0,0,0,0,0,1,0,0,50.59825815,2,1,0,0,43.86885425,0
194,0,0,0,0,0,0,0,0,0,0,0,0,0,0,0,0,0,0,1,1,0,65.00637527,1,0,1,0,79.77503429,0
195,0,0,0,0,0,0,0,0,0,0,0,0,0,0,0,0,0,0,0,0,0,61.70900563,2,0,1,0,59.41449555,0
196,0,0,0,0,0,0,0,0,0,0,0,0,0,0,0,0,0,0,0,1,0,71.07099581,2,0,0,1,57.46900574,0
197,0,0,0,0,0,0,0,0,0,0,0,0,0,0,0,0,0,0,0,1,0,43.21974412,1,1,0,0,42.26970253,0
198,0,0,0,0,0,0,0,0,0,0,0,0,0,0,0,0,0,0,0,1,0,55.27725998,1,0,1,0,59.81412395,0
199,0,0,0,0,0,0,0,0,0,0,0,0,0,0,0,0,0,0,0,0,0,67.01682441,1,0,1,0,60.90731198,0
200,0,0,0,0,0,0,0,0,0,0,0,0,0,0,1,0,0,0,0,0,1,60.13737354,2,1,0,0,54.06869998,0
201,0,0,0,0,0,0,0,0,0,0,0,0,0,0,0,0,0,0,0,0,0,53.36037595,2,0,1,0,49.29527902,0
202,0,0,0,0,0,0,0,0,0,0,0,0,0,0,0,0,0,0,0,1,0,64.93511745,2,1,0,0,34.88254917,0
203,0,0,0,0,0,0,0,0,0,0,0,0,0,0,0,0,0,0,1,1,0,69.42421011,1,0,0,0,41.25109989,0
204,0,0,0,0,0,0,0,0,0,0,0,0,0,0,0,0,0,0,0,0,0,60.68326578,1,1,0,0,20.8704141,0
205,0,0,0,0,0,0,0,0,0,0,0,0,0,0,0,0,0,0,0,0,0,47.02196508,1,1,0,0,39.8386235,0
206,0,0,0,0,0,0,0,0,0,0,0,0,0,0,0,0,0,0,0,0,0,48.24512947,1,1,0,0,35.4236284,0
207,0,0,0,0,0,0,0,0,0,0,0,0,0,0,0,0,0,0,0,0,0,37.2729322,1,0,1,0,48.63456708,0
208,0,0,0,0,0,0,0,0,0,0,0,0,0,0,0,0,0,0,0,0,0,46.90911656,1,1,0,0,37.33112659,0
209,0,0,0,0,0,0,0,0,0,0,0,0,0,0,0,0,0,0,1,0,0,54.898767,1,1,0,0,17.85197943,0
210,0,0,0,0,0,0,0,0,0,0,0,0,0,0,0,0,0,0,0,0,0,63.07426212,2,0,0,0,37.65526829,0
211,0,0,0,0,0,0,0,0,0,0,0,0,0,0,0,0,0,0,0,0,0,55.28071553,1,1,0,0,46.92942227,0
212,0,0,0,0,0,0,0,0,0,0,0,0,0,0,0,0,0,0,0,0,0,71.27023076,2,0,0,1,72.10641438,0
213,0,0,0,0,0,0,0,0,0,0,0,0,0,0,0,0,0,0,1,0,0,64.63209529,1,1,0,0,64.54825591,0
214,0,0,0,0,0,0,0,0,0,0,0,0,0,0,0,0,0,0,0,0,0,59.73121383,2,0,1,0,41.24719676,0
215,0,0,0,0,0,0,0,0,0,0,0,0,0,0,0,0,0,0,1,0,0,66.11438952,2,1,0,0,64.12866927,0
216,0,0,0,0,0,0,0,0,0,0,0,0,0,0,0,0,0,0,1,0,0,66.44652546,2,1,0,0,37.68046189,0
217,0,0,0,0,0,0,0,0,0,0,0,0,0,0,0,0,0,0,0,0,0,62.13415382,1,1,0,0,41.98949036,0
218,0,0,0,0,0,0,0,0,0,0,0,0,0,0,0,0,0,0,0,0,0,47.78447414,2,1,0,0,63.26532728,0
219,0,0,0,0,0,0,0,0,0,0,0,0,0,0,0,0,0,0,1,0,0,58.61057871,1,0,0,0,50.1427481,0
220,0,0,0,0,0,0,0,0,0,0,0,0,0,0,0,0,0,0,0,0,0,78.22183723,2,0,1,0,51.40839616,0
221,0,0,0,0,0,0,0,0,0,0,0,0,0,0,0,0,0,0,1,0,0,64.17682322,2,0,0,0,63.74334768,1
222,0,0,0,0,0,0,0,0,0,0,0,0,0,0,0,0,0,0,0,0,1,64.36812546,1,1,0,0,44.15034659,0
223,0,0,0,0,0,0,0,0,0,0,0,0,0,0,0,0,0,0,0,0,0,48.32836086,1,0,1,0,29.0311819,0
224,0,0,0,0,0,0,0,0,0,0,0,0,0,0,0,0,0,0,1,1,0,60.24351894,2,0,1,0,72.54161472,1
225,0,0,0,0,0,0,0,0,0,0,0,0,0,0,0,0,0,0,0,1,0,61.89847369,1,1,0,0,49.17142511,0
226,0,0,0,0,0,0,0,0,0,0,0,0,0,0,0,0,0,0,0,0,0,48.75705548,1,0,1,0,39.93538339,0
227,0,0,0,0,0,0,0,0,0,0,0,0,0,0,0,0,0,0,1,0,0,55.6027504,1,0,0,1,64.11650884,0
228,0,0,0,0,0,0,0,0,0,0,0,0,0,0,0,0,0,0,1,0,0,55.19713072,2,0,0,1,59.83314674,0
229,0,0,0,0,0,0,0,0,0,0,0,0,0,0,0,0,0,0,0,0,0,69.58806865,2,0,0,1,34.77680421,0
230,0,0,0,0,0,0,0,0,0,0,0,0,0,0,0,0,0,0,1,0,1,61.49341416,2,0,1,0,21.36724113,0
231,0,0,0,0,0,0,0,0,0,0,0,0,0,0,0,0,0,0,0,0,0,58.01779727,2,0,1,0,35.70042924,0
232,0,0,0,0,0,0,0,0,0,0,0,0,0,0,0,0,0,0,1,0,0,54.42693818,1,1,0,0,52.04126045,0
233,0,0,0,0,0,0,0,0,0,0,0,0,0,0,0,0,0,0,0,0,0,51.95445412,2,1,0,0,56.12617732,1
234,0,0,0,0,0,0,0,0,0,0,0,0,0,0,0,0,0,0,0,0,0,53.11524447,1,0,0,0,38.63198278,0
235,0,0,0,0,0,0,0,0,0,0,0,0,0,0,0,0,0,0,0,0,0,51.59352689,1,1,0,0,46.52686376,0
236,0,0,0,0,0,0,0,0,0,0,0,0,0,0,0,0,0,0,0,0,0,81.6121781,2,1,0,0,71.16521295,1
237,0,0,0,0,0,0,0,0,0,0,0,0,0,0,0,0,0,0,0,0,0,56.75652482,2,0,0,0,54.20616346,0
238,0,0,0,0,0,0,0,0,0,0,0,0,0,0,0,0,0,0,1,1,0,58.49365661,1,0,0,0,38.3531718,0
239,0,0,0,0,0,0,0,0,0,0,0,0,0,0,0,0,0,0,0,0,0,62.69524254,2,1,0,0,76.93241766,0
240,0,0,0,0,0,0,0,0,0,0,0,0,0,0,0,0,0,0,0,0,0,53.62426536,1,0,0,0,72.01159349,0
241,0,0,0,0,0,0,0,0,0,0,0,0,0,0,0,0,0,0,1,0,0,43.9135023,2,0,0,0,35.47081681,0
242,0,0,0,0,0,0,0,1,0,0,0,0,0,0,0,0,0,0,0,0,0,60.17095128,1,1,0,0,75.90545679,1
243,0,0,0,0,0,0,0,0,0,0,0,0,0,0,0,0,0,0,0,0,0,52.63623788,1,0,1,0,55.47388427,0
244,0,0,0,0,0,0,0,0,0,0,0,0,0,0,0,0,0,0,0,0,0,40.92761487,2,1,0,0,31.22961968,0
245,0,0,0,0,0,0,0,0,0,0,0,0,0,0,0,0,0,0,0,1,0,59.51997287,2,0,0,1,43.53939725,0
246,0,0,0,0,0,0,0,0,0,0,0,0,0,0,0,0,0,0,1,0,0,66.72571422,1,0,1,0,48.2576448,0
247,0,0,0,0,0,0,0,0,0,0,0,0,0,0,0,0,0,0,1,0,0,57.69266222,1,0,0,0,49.53621133,0
248,0,0,0,0,0,0,0,0,0,0,0,0,0,0,0,0,0,0,0,0,0,62.47969187,2,1,0,0,46.48084183,0
249,0,0,0,0,0,0,0,0,0,0,0,0,0,0,0,0,0,0,1,0,0,52.54113735,2,0,1,0,35.89517286,0
250,0,0,0,0,0,0,0,0,0,0,0,0,0,0,0,0,0,0,0,1,1,46.79361588,2,1,0,0,54.54817525,0
251,0,0,0,0,0,0,0,0,0,0,0,0,0,0,0,0,0,0,0,0,0,69.12299443,1,0,0,1,55.17374237,0
252,0,0,0,0,0,0,0,0,0,0,0,0,0,0,0,0,0,0,0,0,0,65.799109,1,0,0,0,54.24792884,0
253,0,0,0,0,0,0,0,0,0,0,0,0,0,0,0,0,0,0,1,0,0,50.44606221,2,0,0,0,32.9511752,0
254,0,0,0,0,0,0,0,0,0,0,0,0,0,0,0,0,0,0,1,0,1,61.6484491,1,1,0,0,38.23293112,0
255,0,0,0,0,0,0,0,0,0,0,0,0,0,0,0,0,0,0,0,0,0,62.00072733,2,1,0,0,50.51072223,0
256,0,0,0,0,0,0,0,0,0,0,0,0,0,0,0,0,0,0,0,0,0,60.55078929,2,1,0,0,48.33947243,0
257,0,0,0,0,0,0,0,0,0,0,0,0,0,0,0,0,0,0,0,0,0,48.71512027,1,0,1,0,28.49086673,0
258,0,0,0,0,0,0,0,0,0,0,0,0,0,0,0,0,0,0,1,0,0,61.63015146,2,1,0,0,52.14002308,0
259,0,0,0,0,0,0,0,0,0,0,0,0,0,0,0,0,0,0,0,0,0,48.37285583,1,0,1,0,40.41769399,0
260,0,0,0,0,0,0,0,0,0,0,0,0,0,0,0,0,0,1,0,0,0,43.06985664,1,0,0,0,59.77670414,1
261,0,0,0,0,0,0,0,0,0,0,0,0,0,0,0,0,0,0,0,0,0,71.18296414,2,1,0,0,41.96964125,0
262,0,0,0,0,0,0,0,0,0,0,0,0,0,0,0,0,0,0,0,1,0,56.00328671,2,1,0,0,34.67992897,0
263,0,0,0,0,0,0,0,0,0,0,0,0,0,0,0,0,0,0,0,0,0,60.36104953,1,0,0,0,52.68682863,0
264,0,0,0,0,0,0,0,0,0,0,0,0,0,0,0,0,0,0,0,0,0,51.38779426,2,1,0,0,44.84987859,0
265,0,0,0,0,0,0,0,0,0,0,0,0,0,0,0,0,0,0,0,0,1,77.62194556,1,0,0,1,61.28353641,0
266,0,0,0,0,0,0,0,0,0,0,0,0,0,0,0,0,0,0,1,0,1,65.3138628,2,0,0,0,66.64011592,1
267,0,0,0,0,0,0,0,0,0,0,0,0,0,0,0,0,0,0,0,0,0,54.16750837,1,0,0,0,47.75205163,0
268,0,0,0,0,0,0,0,0,0,0,0,0,0,0,0,0,0,0,0,0,0,61.14940842,1,0,1,0,57.35071747,0
269,0,0,0,0,0,0,0,0,0,0,0,0,0,0,0,0,0,0,1,1,0,61.93067302,2,0,0,1,43.930954,0
270,0,0,0,0,0,0,0,0,0,0,0,0,0,0,0,0,0,0,0,0,0,36.66761349,2,0,0,0,37.01881467,0
271,0,0,0,0,0,0,0,0,0,0,0,0,0,0,0,0,0,0,0,0,0,71.41519503,2,1,0,0,61.90043852,1
272,0,0,0,0,0,0,0,0,0,0,0,0,0,0,0,0,0,0,0,0,0,61.91315623,2,0,1,0,26.9592885,0
273,0,0,0,0,0,0,0,0,0,0,0,0,0,0,0,0,0,0,0,0,0,58.10100668,2,1,0,0,69.93497769,0
274,0,0,0,0,0,0,0,0,0,0,0,0,0,0,0,0,0,0,0,0,0,63.97623808,1,0,1,0,28.85077613,0
275,0,0,0,0,0,0,0,0,0,0,0,0,0,0,0,0,0,0,1,0,0,59.15058028,1,0,0,0,56.41910414,1
276,0,0,0,0,0,0,0,0,0,0,0,0,0,0,0,0,0,0,0,0,0,55.95799061,2,0,1,0,51.07012273,0
277,0,0,0,0,0,0,0,0,0,0,0,0,0,0,0,0,0,0,0,0,0,58.64169826,2,1,0,0,56.59453256,0
278,0,0,0,0,0,0,0,0,0,0,0,0,0,0,0,0,0,0,0,0,0,68.52544115,2,0,0,0,34.20938673,0
279,0,0,0,0,0,0,0,0,0,0,0,0,0,0,0,0,0,0,0,0,0,52.3738415,2,1,0,0,35.55623068,0
280,0,0,0,0,0,0,0,0,0,0,0,0,0,0,0,0,0,0,1,0,0,79.23368882,2,1,0,0,64.72725762,0
281,0,0,0,0,0,0,0,0,0,0,0,0,0,0,0,0,0,0,0,0,0,51.78152205,2,0,1,0,71.23072235,0
282,0,0,0,0,0,0,0,0,0,0,0,0,0,0,0,0,0,0,0,0,0,60.10896474,1,1,0,0,52.71647046,0
283,0,0,0,0,0,0,0,0,0,0,0,0,0,0,0,0,0,0,0,0,0,48.37564344,1,1,0,0,50.89285379,0
284,0,0,0,0,0,0,0,0,0,0,0,0,0,0,0,0,0,0,0,1,0,56.81202366,1,1,0,0,36.7166615,0
285,0,0,0,0,0,0,0,0,0,0,0,0,0,0,0,0,1,0,1,0,0,43.39529707,1,1,0,0,59.1273745,0
286,0,0,0,0,0,0,0,0,0,0,0,0,0,0,0,0,0,0,0,0,0,58.2946616,2,0,0,0,55.84116041,0
287,0,0,0,0,0,0,0,0,0,0,0,0,0,0,0,0,0,0,0,0,0,58.85561615,1,0,1,0,51.37050595,0
288,0,0,0,0,0,0,0,0,0,0,0,0,0,0,0,0,0,0,1,1,0,46.50466209,1,0,0,0,41.73814968,0
289,0,0,0,0,0,0,0,0,0,0,0,0,0,0,0,0,0,0,0,0,1,62.53407374,2,0,1,0,36.45679962,0
290,0,0,0,0,0,0,0,0,0,0,0,0,0,0,0,0,0,0,1,0,0,56.6675664,1,0,1,0,61.06197093,1
291,0,0,0,0,0,0,0,0,0,0,0,0,0,0,0,0,0,0,0,0,0,70.03668491,1,0,0,1,48.22198052,0
292,0,0,0,0,0,0,0,0,0,0,0,0,0,0,0,0,0,0,0,0,1,56.99040348,1,0,0,0,29.15523013,1
293,0,0,0,0,0,0,0,0,0,0,0,0,0,0,0,0,0,0,1,0,0,55.83315659,1,1,0,0,29.94098571,0
294,0,0,0,0,0,0,0,0,0,0,0,0,0,0,0,0,0,0,2,0,0,61.92274473,1,0,1,0,43.24365971,0
295,0,0,0,0,0,0,0,0,0,0,0,0,0,0,0,0,0,0,0,0,0,54.629856,2,0,0,1,38.52646762,0
296,0,0,0,0,0,0,0,0,0,0,0,0,0,0,0,0,0,0,0,0,0,49.40911486,2,0,1,0,44.92789418,0
297,0,0,0,0,0,0,0,0,0,0,0,0,0,0,0,0,0,0,0,0,0,72.77693759,2,1,0,0,35.98353732,0
298,0,0,0,0,0,0,0,0,0,0,0,0,0,0,0,0,0,0,0,0,0,67.6157283,1,0,0,0,49.66088955,0
299,0,0,0,0,0,0,0,0,0,0,0,0,0,0,0,0,0,0,0,0,0,57.2879971,2,0,0,0,37.59337541,0
300,0,0,0,0,0,0,0,0,0,0,0,0,0,0,0,0,0,0,0,0,0,67.86587398,1,0,1,0,47.76869407,0
301,0,0,0,0,0,0,0,0,0,0,0,0,0,0,0,0,0,0,0,0,1,54.26850014,1,0,0,0,58.18654402,0
302,0,0,0,0,0,0,0,0,0,0,0,0,0,0,0,0,0,0,1,0,0,73.48177956,2,0,0,0,46.04094255,0
303,0,0,0,0,0,0,0,0,0,0,0,0,0,0,0,0,0,0,0,0,1,56.40302339,2,1,0,0,41.39216473,0
304,0,0,0,0,0,0,0,0,0,0,0,0,0,0,0,0,1,0,1,0,0,72.96845643,2,0,0,1,37.9885371,0
305,0,0,0,0,0,0,0,0,0,0,0,0,0,0,0,0,0,0,0,1,0,75.63411935,1,0,0,0,27.81933882,0
306,0,0,0,0,0,0,0,0,0,0,0,0,0,0,0,0,0,0,0,2,0,72.74682472,2,1,0,0,38.01233024,0
307,0,0,0,0,0,0,0,0,0,0,0,0,0,0,0,0,0,0,0,0,0,58.77041876,2,0,0,0,65.54028561,1
308,0,0,0,0,0,0,0,0,0,0,0,0,0,0,0,0,0,0,0,0,0,71.61545886,1,0,0,1,61.25870657,0
309,0,0,0,0,0,0,0,0,0,0,0,0,0,0,0,0,0,0,1,0,0,54.97896274,1,1,0,0,49.80407216,0
310,0,0,0,0,0,0,0,0,0,0,0,0,0,0,0,0,0,0,0,0,0,51.36749825,2,1,0,0,39.44495451,0
311,0,0,0,0,0,0,0,0,0,0,0,0,0,0,0,0,0,0,0,0,0,63.10885311,2,0,1,0,50.9093591,0
312,0,0,0,0,0,0,0,0,0,0,0,0,0,0,0,0,0,0,0,0,0,69.83050713,2,1,0,0,61.0429425,0
313,0,0,0,0,0,0,0,0,0,0,0,0,0,0,0,0,0,0,0,0,0,53.2920533,2,0,0,1,24.97820449,0
314,0,0,0,0,0,0,0,0,0,0,0,0,0,0,0,0,0,0,1,0,0,46.074205,2,0,1,0,42.24728723,0
315,0,0,0,0,0,0,0,0,0,0,0,0,0,0,0,0,0,0,0,1,1,48.74948916,1,1,0,0,52.426146,0
316,0,0,0,0,0,0,0,0,0,0,0,0,0,0,0,0,0,0,0,0,0,45.0967422,1,1,0,0,57.164038,0
317,0,0,0,0,0,0,0,0,0,0,0,0,0,0,0,0,0,0,0,1,0,60.98746751,2,0,1,0,58.62617062,1
318,0,0,0,0,0,0,0,0,0,0,0,0,0,0,0,0,0,0,2,0,0,55.13465923,2,1,0,0,43.91377226,0
319,0,0,0,0,0,0,0,0,0,0,0,0,0,0,0,0,0,0,0,0,1,69.23924987,2,1,0,0,63.05839089,0
320,0,0,0,0,0,0,0,0,0,0,0,0,0,0,0,0,0,0,0,0,0,54.75544473,2,0,0,0,43.18360599,0
321,0,0,0,0,0,0,0,0,0,0,0,0,0,0,0,0,0,0,0,1,0,68.31052546,1,0,0,0,73.80981429,0
322,0,0,0,0,0,0,0,0,0,0,0,0,0,0,0,0,0,0,0,0,0,58.72671961,2,1,0,0,57.07893616,0
323,0,0,0,0,0,0,0,0,0,0,0,0,0,0,0,0,0,0,0,1,0,45.16825873,1,1,0,0,54.50438589,0
324,0,0,0,0,0,0,0,0,0,0,0,0,0,0,0,0,0,0,0,0,0,73.16371534,1,0,1,0,45.35172675,0
325,0,0,0,0,0,0,0,0,0,0,0,0,0,0,0,0,0,0,0,0,0,56.05479676,2,1,0,0,38.73240386,0
326,0,0,0,0,0,0,0,0,0,0,0,0,0,0,0,0,0,0,0,0,0,65.67158292,2,1,0,0,62.93940711,0
327,0,0,0,0,0,0,0,0,0,0,0,0,0,0,0,0,0,0,0,0,1,73.82491036,1,1,0,0,39.57891477,0
328,0,0,0,0,0,0,0,0,0,0,0,0,0,0,0,0,0,0,0,0,0,66.46091724,1,1,0,0,70.0906218,1
329,0,0,0,0,0,0,0,0,0,0,0,0,0,0,0,0,0,0,0,0,0,63.23450182,1,1,0,0,54.70302885,0
330,0,0,0,0,0,0,0,0,0,0,0,0,0,0,0,0,0,0,0,0,0,49.30266122,2,0,1,0,52.7619149,1
331,0,0,0,0,0,0,0,0,0,0,0,0,0,0,0,0,0,0,0,0,0,58.87220959,2,0,1,0,49.20421562,0
332,0,0,0,0,0,0,0,0,0,0,0,0,0,0,0,0,0,0,1,0,0,57.51404402,2,0,1,0,46.82748443,0
333,0,0,0,0,0,0,0,0,0,0,0,0,0,0,0,0,0,0,0,0,0,64.81023946,1,1,0,0,63.84363737,0
334,0,0,0,0,0,0,0,0,0,0,0,0,0,0,0,0,0,0,0,0,0,60.48271907,2,1,0,0,46.22728822,0
335,0,0,0,0,0,0,0,0,0,0,0,0,0,0,0,0,0,0,1,0,0,60.07984827,1,0,0,0,44.95230867,0
336,0,0,0,0,0,0,0,0,0,0,0,0,0,0,0,0,0,0,0,0,0,63.45500659,2,1,0,0,51.4885543,0
337,0,0,0,0,0,0,0,0,0,0,0,0,0,0,0,0,0,0,0,0,0,64.02702544,1,0,1,0,65.65075227,1
338,0,0,0,0,0,0,0,0,0,0,0,0,0,0,0,0,0,0,0,0,0,70.25333363,1,1,0,0,39.49625438,0
339,0,0,0,0,0,0,0,0,0,0,0,0,0,0,0,0,0,0,2,0,0,57.02323317,1,0,0,1,41.45304579,0
340,0,0,0,0,0,0,0,0,0,0,0,0,0,0,0,0,0,0,0,0,0,68.04969956,2,0,0,0,42.1121173,1
341,0,0,0,0,0,0,0,0,0,0,0,0,0,0,0,0,0,0,1,0,0,60.1359189,1,1,0,0,57.35658495,0
342,0,0,0,0,0,0,0,0,0,0,0,0,0,0,0,0,0,0,0,0,0,64.70788841,1,1,0,0,53.59725665,0
343,0,0,0,0,0,0,0,0,0,0,0,0,0,0,0,0,0,0,0,0,0,54.28260405,1,1,0,0,65.21548037,1
344,0,0,0,0,0,0,0,0,0,0,0,0,0,0,0,0,0,0,0,0,0,54.79993985,1,1,0,0,31.82269631,0
345,0,0,0,0,1,0,0,0,0,0,0,0,0,0,0,0,0,0,0,0,0,61.98558525,2,0,1,0,52.17304164,0
346,0,0,0,0,0,0,0,0,0,0,0,0,0,0,0,0,0,0,1,0,1,78.19336708,1,0,0,0,51.98327982,0
347,0,0,0,0,0,0,0,0,0,0,0,0,0,0,0,0,0,0,1,0,0,51.74093815,2,0,1,0,58.16519764,1
348,0,0,0,0,0,0,0,0,0,0,0,0,0,0,0,0,0,0,0,0,0,56.24669647,1,1,0,0,51.5845438,0
349,0,0,0,0,0,0,0,0,0,0,0,0,0,0,0,0,0,0,0,0,1,59.72716696,2,1,0,0,41.86421234,0
350,0,0,0,0,0,0,0,0,0,0,0,0,0,0,0,0,0,0,2,0,0,48.99278994,2,1,0,0,38.83413952,0
351,0,0,0,0,0,0,0,0,0,0,0,0,0,0,0,0,0,0,0,0,0,48.85170582,2,0,1,0,55.87722324,0
352,0,0,0,0,0,0,0,0,0,0,0,0,0,0,0,0,0,0,0,0,0,69.25126718,2,0,0,0,53.82786451,0
353,0,0,0,0,0,0,0,0,0,0,0,0,0,0,0,0,0,0,0,0,0,63.40940793,1,0,0,1,56.29890889,0
354,0,0,0,0,0,0,0,0,0,0,0,0,0,0,0,0,0,0,0,0,0,63.67067419,2,0,1,0,45.6664945,0
355,0,0,0,0,0,0,0,0,0,0,0,0,0,0,0,0,0,0,0,0,0,59.42508749,2,0,1,0,68.10064859,0
356,0,0,0,0,0,0,0,0,0,0,0,0,0,0,0,0,0,0,0,0,0,61.42316458,2,0,0,0,19.28002759,0
357,0,0,0,0,0,0,0,0,0,0,0,0,0,0,0,0,0,0,0,0,0,60.99559342,1,1,0,0,48.06668662,0
358,0,0,0,0,0,0,0,0,0,0,0,0,0,0,0,0,0,0,1,0,0,48.92023327,1,0,0,1,43.00803719,1
359,0,0,0,0,0,0,0,0,0,0,0,0,0,0,0,0,0,0,2,0,0,54.85164364,2,0,0,0,46.03209355,0
360,0,0,0,0,0,0,0,0,0,0,0,0,0,0,0,0,0,0,0,1,0,57.80955669,1,1,0,0,49.49851417,0
361,0,0,0,0,0,0,0,0,0,0,0,0,0,0,0,0,0,0,0,1,0,41.41776544,2,0,0,0,34.97380481,0
362,0,0,0,0,0,0,0,0,0,0,0,0,0,0,0,0,0,0,0,0,0,70.60347286,2,1,0,0,52.52519533,0
363,0,0,0,0,0,0,0,0,0,0,0,0,0,0,0,0,0,0,0,0,0,74.05777388,2,0,0,0,54.08326989,0
364,0,0,0,0,0,0,0,0,0,0,0,0,0,0,0,0,0,0,0,0,0,68.23717418,2,0,1,0,57.33670582,0
365,0,0,0,0,0,0,0,0,0,0,0,0,0,0,0,0,0,0,0,1,0,59.98553579,2,0,0,0,59.33736796,0
366,0,0,0,0,0,0,0,0,0,0,0,0,0,0,0,0,0,0,0,0,0,67.31533646,2,1,0,0,47.80989593,0
367,0,0,0,0,0,1,0,0,0,0,0,0,0,0,0,0,0,0,0,1,0,78.60251062,2,0,1,0,43.4904171,0
368,0,0,0,0,0,0,0,0,0,0,0,0,0,0,0,0,0,0,0,0,0,64.65995552,1,1,0,0,41.95268795,0
369,0,0,0,0,0,0,0,0,0,0,0,0,0,0,0,0,0,0,1,0,0,52.92423061,1,0,0,0,54.37069064,1
370,0,0,0,0,0,0,0,0,0,0,0,0,0,0,0,0,0,0,0,0,0,84.11341667,2,0,1,0,75.01983048,1
371,0,0,0,0,0,0,0,0,0,0,0,0,0,1,0,0,0,0,0,0,0,56.33347315,1,0,0,0,65.42729349,1
372,0,0,0,0,0,0,0,0,0,0,0,0,0,0,0,0,0,0,1,0,0,60.2506515,2,0,1,0,65.94245331,1
373,0,0,0,0,0,0,0,0,0,0,0,0,0,0,0,0,0,0,0,0,0,65.97388485,1,0,1,0,57.45970662,0
374,0,0,0,0,0,0,0,0,0,0,0,0,0,0,0,0,0,0,0,0,0,77.48518299,1,0,0,0,56.07645451,0
375,0,0,0,0,0,0,0,0,0,0,0,0,0,0,0,0,0,0,1,1,0,57.270302,1,1,0,0,59.30723992,0
376,0,0,0,0,0,0,0,0,0,0,0,0,0,0,0,0,0,0,0,0,0,66.8792629,1,0,0,0,61.81249797,0
377,0,0,0,0,0,0,0,0,0,0,0,0,0,0,0,0,0,0,0,0,0,58.90682453,2,1,0,0,46.20178031,0
378,0,0,0,0,0,0,0,0,0,0,0,0,0,0,0,0,0,0,0,1,0,56.83080644,1,0,0,0,30.83343003,0
379,0,0,0,0,0,0,0,0,0,0,0,0,0,1,0,0,0,0,0,0,1,49.44205729,1,0,1,0,39.98335228,0
380,0,0,0,0,0,0,0,0,0,0,0,0,0,0,0,0,0,0,0,0,0,80.27351883,1,1,0,0,53.55330706,0
381,0,0,0,0,0,0,0,0,0,0,0,0,0,0,0,0,0,0,1,0,0,70.03558236,2,0,0,0,48.10471728,0
382,0,0,0,0,0,0,0,0,0,0,0,0,0,0,0,0,0,0,1,0,0,60.22114477,2,0,0,0,11.42444462,0
383,0,0,0,0,0,0,0,0,0,0,0,0,0,0,0,0,0,0,0,0,0,66.66343085,1,0,0,0,36.00225861,0
384,0,0,0,0,0,0,0,0,0,0,0,0,0,0,0,0,0,0,0,0,0,63.72488386,1,1,0,0,53.2882194,0
385,0,0,0,0,0,0,0,0,0,0,0,0,0,0,0,0,0,0,1,0,0,63.50623019,2,1,0,0,55.99180792,0
386,0,0,0,0,0,0,0,0,0,0,0,0,0,0,0,0,0,0,0,1,0,66.08344774,2,0,1,0,50.84890408,0
387,0,0,0,0,0,0,0,0,0,0,0,0,0,0,0,0,0,0,0,0,0,61.45906643,1,0,0,1,38.77224775,0
388,0,0,0,0,0,0,0,0,0,0,0,0,0,0,0,0,0,0,0,0,0,79.07211806,2,0,0,1,36.57323987,0
389,0,0,0,0,0,0,0,0,0,0,0,0,0,0,0,0,0,0,0,0,0,64.63514401,1,0,1,0,49.83592579,0
390,0,0,0,0,0,0,0,0,0,0,0,0,0,0,0,0,0,0,0,0,0,55.02060954,2,1,0,0,48.82669119,0
391,0,0,0,0,0,0,0,0,0,0,0,0,0,0,0,0,0,0,0,1,0,57.94691085,2,1,0,0,62.06255722,0
392,0,0,0,0,0,0,0,0,0,0,0,0,0,0,0,0,0,0,0,0,0,65.30454523,1,0,1,0,57.08446788,0
393,0,0,0,0,0,0,0,0,0,0,0,0,0,0,0,0,0,0,0,0,0,59.62659564,2,0,1,0,43.1080936,0
394,0,0,0,0,0,0,0,0,0,0,0,0,0,0,0,0,0,0,0,0,0,54.86728389,2,0,1,0,49.34538657,0
395,0,0,0,0,0,0,0,0,0,0,0,0,0,0,0,0,0,0,0,0,0,64.5455526,1,0,1,0,38.62014444,0
396,0,0,0,0,0,0,0,0,0,0,0,0,0,0,0,0,0,0,0,0,0,70.35808291,2,1,0,0,52.38683147,0
397,0,0,0,0,0,0,0,0,0,0,0,0,0,0,0,0,0,0,0,0,0,73.74641764,2,0,0,1,42.46750327,0
398,0,0,0,0,0,0,0,0,0,0,0,0,0,0,0,0,0,0,0,0,0,53.28726026,2,1,0,0,43.29527674,0
399,0,0,0,0,0,0,0,0,0,0,0,0,0,0,0,0,0,0,0,1,2,75.32359918,2,0,0,1,37.59075445,0
400,0,0,0,0,0,0,0,0,0,0,0,0,0,0,0,0,0,0,0,0,0,65.60817526,1,0,0,1,56.80209122,0
401,0,0,0,0,0,0,0,0,0,0,0,0,0,0,0,0,0,0,0,0,1,64.77130546,2,0,0,0,46.54869172,0
402,0,0,0,0,0,0,0,0,0,0,0,0,0,0,0,0,0,0,0,1,0,68.71514186,1,0,0,0,45.54012616,0
403,0,0,0,1,0,0,0,0,0,0,0,0,0,0,0,0,0,0,1,0,0,63.76021403,1,1,0,0,57.16160447,0
404,0,0,0,0,0,0,0,0,0,0,0,0,0,0,0,0,0,0,0,1,0,68.12042203,1,0,0,1,49.7903111,0
405,0,0,0,0,0,0,0,0,0,1,0,0,0,0,0,0,0,0,1,0,0,65.8481741,1,1,0,0,38.859905,0
406,0,0,0,0,0,0,0,0,0,0,0,0,0,0,0,0,0,0,0,1,0,38.38802101,1,0,0,1,56.17441048,0
407,0,0,0,0,0,0,0,0,0,0,0,0,0,0,0,0,0,0,1,0,0,78.2814311,2,1,0,0,50.19004827,0
408,0,0,0,0,0,0,0,0,0,0,0,0,0,0,0,0,0,0,1,0,0,69.13248111,2,0,0,0,64.62922666,0
409,0,0,0,0,0,0,0,0,0,1,0,0,0,0,0,0,0,0,1,0,0,39.86438591,1,0,0,1,66.62970514,1
410,0,0,0,0,0,0,0,0,0,0,0,0,0,0,0,0,0,0,1,0,0,75.70842406,1,0,1,0,45.45627735,0
411,0,0,0,0,0,0,0,0,0,0,0,0,0,0,0,0,0,0,0,0,0,61.52948887,2,0,0,0,53.78078648,0
412,0,0,0,0,0,0,0,0,0,0,0,0,0,0,0,0,0,0,0,0,0,51.49940324,2,0,0,0,26.39539171,0
413,0,0,0,0,0,0,0,0,0,0,0,0,0,0,0,0,0,0,0,0,0,68.29213292,2,0,0,0,35.16891651,0
414,0,0,0,0,0,0,0,0,0,0,0,0,0,0,0,0,0,0,0,0,0,72.5080725,2,0,0,0,68.52353858,0
415,0,0,0,0,0,0,0,0,0,0,0,0,0,0,0,0,0,0,1,1,0,52.31316516,2,1,0,0,54.36487243,0
416,0,0,0,0,0,0,0,0,0,0,0,0,0,0,0,0,0,0,0,0,0,58.91487151,1,1,0,0,51.03466283,0
417,0,0,0,0,0,0,0,0,0,0,0,0,0,0,0,0,0,0,0,0,0,61.93967148,1,1,0,0,48.22621987,0
418,0,0,0,0,0,0,0,0,0,0,0,0,0,0,0,0,0,0,2,0,0,58.37935053,1,0,0,1,56.19846032,0
419,0,0,0,0,0,0,0,0,0,0,0,0,0,0,0,0,0,0,0,0,0,44.48041135,2,1,0,0,48.67765943,0
420,0,0,0,0,0,0,0,0,0,0,0,0,0,0,0,0,0,0,0,0,1,53.43997766,2,1,0,0,41.39930552,0
421,0,0,0,0,0,0,0,0,0,0,0,0,0,0,0,0,0,0,0,0,0,63.69702847,1,1,0,0,33.13691092,0
422,0,0,0,0,0,0,0,0,0,0,0,0,0,0,0,0,0,0,0,0,0,58.26700261,2,1,0,0,56.17693206,0
423,0,0,0,0,0,0,0,0,0,0,0,0,0,0,0,0,0,0,1,0,0,69.98108903,2,0,1,0,57.52893537,0
424,0,0,0,0,0,0,0,0,0,0,0,0,0,0,0,0,0,0,0,0,0,44.10076258,2,0,1,0,41.68932695,1
425,0,0,0,0,0,0,0,0,0,0,0,0,0,0,0,0,0,0,0,1,0,66.079933,2,1,0,0,50.92679238,0
426,0,0,0,0,0,0,0,0,0,0,0,0,0,0,0,0,0,0,1,0,1,64.5197546,2,0,0,0,24.85730507,0
427,0,0,0,0,0,0,0,0,0,0,0,0,0,0,0,0,0,0,0,0,0,55.17146605,1,1,0,0,46.23937607,0
428,0,0,0,0,0,0,0,0,0,0,0,0,0,0,0,0,0,0,0,0,0,57.74216268,2,1,0,0,44.30873157,0
429,0,0,0,0,0,0,0,0,0,0,0,0,0,0,0,0,1,0,0,0,1,56.3675368,2,1,0,0,25.99637246,0
430,0,0,0,0,0,0,0,0,0,0,0,0,0,0,0,0,0,0,0,1,1,60.31735688,1,0,0,1,56.21271194,0
431,0,0,0,0,0,0,0,0,0,0,0,0,0,0,0,0,0,0,1,0,0,63.15629378,1,1,0,0,45.78965725,0
432,0,0,0,0,0,0,0,0,0,0,0,0,0,0,0,0,0,0,1,0,0,56.44673248,2,0,0,0,43.81720867,0
433,0,0,0,0,0,0,0,0,0,0,0,0,0,0,0,0,0,0,0,0,0,65.2671899,1,0,0,0,50.73853315,0
434,0,0,0,0,0,0,0,0,0,0,0,0,0,0,0,0,0,0,1,1,0,73.06036476,2,1,0,0,47.38303191,0
435,0,0,0,0,0,0,0,0,0,0,0,0,0,0,0,0,0,0,0,0,0,68.57587931,1,1,0,0,47.98303717,0
436,0,0,0,0,0,0,0,0,0,0,0,0,0,0,0,0,0,0,0,0,0,53.9117487,1,0,0,0,55.06322626,0
437,0,0,0,0,0,0,0,0,0,0,0,0,0,0,0,0,0,0,1,0,0,66.74675919,1,0,1,0,32.51064389,0
438,0,0,0,0,0,0,0,0,0,0,0,0,0,0,0,0,0,0,0,0,1,48.44960477,2,1,0,0,45.34383018,0
439,0,0,0,0,0,0,0,0,0,0,0,0,0,0,0,0,0,0,0,0,0,60.16059217,1,1,0,0,72.00318007,1
440,0,0,0,0,0,0,0,0,0,0,0,0,0,0,0,0,0,0,0,0,1,63.41384098,1,0,0,0,42.39567004,0
441,0,0,0,0,0,0,0,0,0,0,0,0,0,0,0,0,0,0,0,0,0,47.62024978,1,0,0,0,43.92965497,0
442,0,0,0,0,0,0,0,0,0,0,0,0,0,0,0,0,0,0,1,0,0,40.5200437,2,0,0,0,53.67213774,0
443,0,0,0,0,0,0,0,0,0,0,0,0,0,0,0,0,0,0,0,0,0,66.42051215,1,0,1,0,32.47953903,0
444,0,0,0,0,0,0,0,0,0,0,0,0,0,0,0,0,0,0,0,1,0,51.83356272,2,0,0,1,30.7270974,0
445,0,0,0,0,0,0,0,0,0,0,0,0,0,0,0,0,0,0,0,0,0,58.23069286,2,0,1,0,46.8879543,0
446,0,0,0,0,0,0,0,0,0,0,0,0,0,0,0,0,0,0,0,0,0,49.92776856,1,0,1,0,23.07627144,0
447,0,0,0,0,0,0,0,0,0,0,0,0,0,0,0,0,0,0,0,0,0,44.69832375,1,0,0,1,35.82339788,0
448,0,0,0,0,0,0,0,0,0,0,0,0,0,0,0,0,0,0,0,1,0,57.96848196,1,1,0,0,21.05617138,0
449,0,0,0,0,0,0,0,0,0,0,0,0,0,0,0,0,0,0,0,0,0,60.63805556,2,0,1,0,46.1364313,0
450,0,0,0,0,0,0,0,0,0,0,0,0,0,0,0,0,0,0,0,0,0,56.12373734,1,0,0,0,63.828484,1
451,0,0,0,0,0,0,0,0,0,0,0,0,0,0,0,0,0,0,0,1,0,47.49626553,1,0,0,1,48.10597582,0
452,0,0,0,0,0,0,0,0,0,0,0,0,0,0,0,0,0,0,0,0,0,71.63329612,1,1,0,0,49.42639928,0
453,0,0,0,0,0,0,0,0,0,0,0,0,0,0,0,0,0,0,0,0,0,65.33789211,2,0,1,0,37.04339889,1
454,0,0,0,0,0,0,0,0,0,0,0,0,0,0,0,0,0,0,0,1,0,76.82841205,1,0,1,0,54.33770459,0
455,0,0,0,0,0,0,0,0,0,0,0,0,0,0,0,0,0,0,0,0,0,45.41436377,2,1,0,0,49.52191668,0
456,0,0,0,0,0,0,0,0,0,0,0,0,0,0,0,0,0,0,0,0,0,54.48761172,1,0,0,0,59.90512255,0
457,0,0,0,0,0,0,0,0,0,0,0,0,0,0,0,0,0,0,0,0,0,66.75872789,1,0,0,0,33.18152631,0
458,0,0,0,0,0,0,0,0,0,0,0,0,0,0,0,0,0,0,0,0,0,73.54393769,2,0,0,0,37.77007393,0
459,0,0,0,0,0,0,0,0,0,0,0,0,0,0,0,0,0,0,0,0,0,67.56666486,1,0,0,0,48.84890778,0
460,0,0,0,0,0,0,0,0,0,0,0,0,0,0,0,0,0,0,0,1,0,53.10682649,2,0,0,0,59.25161547,0
461,0,0,0,0,0,0,0,0,0,0,0,0,0,0,0,0,0,0,0,0,0,63.37237825,2,1,0,0,31.87491826,0
462,0,0,0,0,0,0,0,0,0,0,0,0,0,0,0,0,0,0,0,0,0,69.5191047,1,0,0,1,50.693836,0
463,0,0,0,0,0,0,0,0,0,0,0,0,0,0,0,0,0,0,0,0,0,73.46520958,2,1,0,0,57.91262866,0
464,0,0,0,0,0,0,0,0,0,0,0,0,0,0,0,0,0,0,0,0,0,75.247207,2,0,0,0,43.88162673,0
465,0,0,0,0,0,0,0,0,0,0,0,0,0,0,0,0,0,0,0,1,0,59.22755984,2,1,0,0,65.58865481,1
466,0,0,0,0,0,0,0,0,0,0,0,0,0,0,0,0,0,0,1,0,0,52.69443523,1,0,1,0,46.04027344,0
467,0,0,0,0,0,0,0,0,0,0,0,0,0,0,0,0,0,0,0,0,0,66.3470985,2,0,1,0,68.19183766,1
468,0,0,0,0,0,0,0,0,0,1,0,0,0,0,0,0,0,0,0,1,0,45.04530333,2,0,1,0,50.89026383,0
469,0,0,0,0,0,0,0,0,0,0,0,0,0,0,0,0,0,0,1,0,0,62.18232273,2,1,0,0,55.72779846,1
470,0,0,0,0,0,0,0,0,0,0,0,0,0,0,0,0,0,0,0,1,0,67.84009404,1,0,0,0,39.70401244,0
471,0,0,0,0,0,0,0,0,0,0,0,0,0,0,0,0,0,0,0,0,0,74.95231488,2,0,0,1,50.56893454,0
472,0,0,0,0,0,0,0,0,0,0,0,0,0,0,0,0,0,0,0,0,0,68.06624695,2,1,0,0,52.13921695,0
473,0,0,0,0,0,0,0,0,0,0,0,0,0,0,0,0,0,0,0,0,0,67.5577017,2,0,0,0,23.02507751,0
474,0,0,0,1,0,0,0,0,0,0,0,0,0,0,0,0,0,0,0,0,0,62.62618379,2,1,0,0,50.20218606,0
475,0,0,0,0,0,0,0,0,0,0,0,0,0,0,0,0,0,0,1,0,0,56.28930615,2,0,1,0,57.54490499,0
476,0,0,0,0,0,0,0,0,0,0,0,0,0,0,0,0,0,0,1,0,0,49.50132338,1,1,0,0,31.93493367,0
477,0,0,0,0,0,0,0,0,0,0,0,0,0,0,0,0,0,0,0,0,0,54.77539014,2,1,0,0,33.16968671,0
478,0,0,0,0,0,0,0,0,0,0,0,0,0,0,0,0,1,0,0,0,0,70.54731496,1,0,1,0,54.24306057,0
479,0,0,0,0,0,0,0,0,0,0,0,0,0,0,0,0,0,0,0,0,1,54.62619244,1,0,0,0,43.64657634,0
480,0,0,0,0,0,0,0,0,0,0,0,0,0,0,0,0,0,0,0,0,0,45.8000449,1,0,0,0,60.47649053,0
481,0,0,0,0,0,0,0,0,0,0,0,0,0,0,0,0,0,0,0,0,0,33.86078259,2,0,0,0,42.17928267,0
482,0,0,0,0,0,0,0,0,0,0,0,0,0,0,0,0,0,0,1,0,0,64.93366991,2,0,1,0,71.59820622,0
483,0,0,0,0,0,0,0,0,0,0,0,0,0,0,1,0,0,0,0,0,0,63.83113758,2,0,0,0,67.74432184,1
484,0,0,0,0,0,0,0,0,0,0,0,0,0,0,0,0,0,0,1,0,0,46.53578006,2,0,0,1,68.78548469,0
485,0,0,0,0,0,0,0,0,0,0,0,0,0,0,0,0,0,0,0,0,0,62.82818638,1,1,0,0,53.51901103,0
486,0,0,0,0,0,0,0,0,0,0,0,0,0,0,0,0,0,0,0,0,0,55.75598189,1,0,1,0,69.24959313,1
487,0,0,0,0,0,0,0,0,0,0,0,0,0,0,0,0,0,0,2,0,0,59.36405673,2,0,0,1,38.72429713,0
488,0,0,0,0,0,0,0,0,0,0,0,0,0,0,0,0,0,0,1,0,0,66.07925318,2,0,1,0,41.88660856,0
489,0,0,0,0,0,0,0,0,0,0,0,0,0,0,0,0,0,0,0,0,0,56.03569471,2,1,0,0,46.70213876,0
490,0,0,0,0,0,0,0,0,0,0,0,0,0,0,0,0,0,0,0,0,0,63.89761681,2,0,1,0,65.65817285,0
491,0,0,0,0,0,0,0,0,0,0,0,0,0,0,0,0,0,0,1,1,1,53.18080076,1,1,0,0,59.57139824,0
492,0,0,0,0,0,0,0,0,0,0,0,0,0,0,0,0,0,0,0,0,0,50.96697921,2,0,0,0,40.49391196,0
493,0,0,0,0,0,0,0,0,0,0,0,0,0,0,0,0,0,0,0,0,0,53.17080382,1,1,0,0,48.05015975,0
494,0,0,0,0,0,0,0,0,0,0,0,0,0,0,0,0,0,0,0,0,0,69.42021793,1,0,1,0,61.57955833,0
495,0,0,0,0,0,0,0,0,0,0,0,0,0,0,0,0,0,0,0,1,0,50.30257828,2,1,0,0,52.8498479,0
496,0,0,0,0,0,0,0,0,0,0,0,0,0,0,0,0,0,0,0,1,0,54.38062511,2,0,0,0,41.94910426,0
497,0,0,0,0,0,0,0,0,0,0,0,0,0,0,0,0,0,0,0,0,1,56.40465606,2,1,0,0,47.45288271,0
498,0,0,0,0,0,0,0,0,0,0,0,0,0,0,0,0,0,0,0,0,0,58.91284768,1,0,0,0,40.81364161,0
499,0,0,0,0,0,0,0,0,0,0,0,0,0,0,0,0,0,0,0,0,0,39.66085155,1,1,0,0,57.90533915,0
500,0,0,0,0,0,0,0,0,0,0,0,0,0,0,0,0,0,0,0,0,0,75.26194772,1,1,0,0,49.27140292,0
501,0,0,0,0,0,0,0,0,0,0,0,0,0,0,0,0,0,0,0,0,0,67.37772901,2,0,0,1,47.11319871,0
502,0,0,0,0,0,0,0,0,0,0,0,0,0,0,0,0,0,0,0,0,0,67.56347923,2,0,0,0,52.47194436,0
503,0,0,0,0,0,0,0,0,0,0,0,0,0,0,0,0,0,0,1,0,0,61.70725316,2,1,0,0,36.95263052,0
504,0,0,0,0,0,0,0,0,0,0,0,0,0,0,0,0,0,0,0,0,0,44.5723886,1,0,0,1,50.94392549,0
505,0,0,0,0,0,0,0,0,0,0,0,0,0,0,0,0,0,0,0,0,0,80.88615846,1,0,0,1,40.87753206,0
506,0,0,0,0,0,0,0,0,0,0,0,0,0,0,0,0,0,0,0,0,0,61.77521743,2,0,0,0,53.84988937,0
507,0,0,0,0,0,0,0,0,0,0,0,0,0,0,0,0,0,0,0,0,0,53.78298069,2,1,0,0,52.81165864,0
508,0,0,0,0,0,0,0,0,0,0,0,0,0,0,0,0,1,0,0,0,0,62.68962077,1,1,0,0,26.09014228,0
509,0,0,0,0,0,0,0,0,0,0,0,0,0,0,0,0,0,0,0,0,0,51.06574206,2,0,0,0,59.11149509,0
510,0,0,0,0,0,0,0,0,0,0,0,0,0,0,0,0,0,0,1,0,0,64.89615344,2,1,0,0,52.33357843,0
511,0,0,0,0,0,0,0,0,0,0,0,0,0,0,0,0,0,0,0,0,0,83.5470131,2,1,0,0,37.01137009,0
512,0,0,0,0,0,0,0,0,0,0,0,0,0,0,0,0,0,0,0,0,0,52.04317966,2,1,0,0,53.51866121,0
513,0,0,0,0,0,0,0,0,0,0,0,0,0,0,0,0,0,0,0,0,0,42.02125857,1,0,0,0,24.04310304,0
514,0,0,0,0,0,0,0,0,0,0,0,0,0,0,0,0,0,0,1,0,1,55.81861414,2,1,0,0,57.69788472,0
515,0,0,0,0,0,0,0,0,0,0,0,0,0,0,0,0,0,0,0,0,0,49.64183955,1,1,0,0,38.01060724,0
516,0,0,0,0,0,0,0,0,0,0,0,0,0,0,0,0,0,0,0,1,0,62.82084436,2,1,0,0,33.80069109,0
517,0,0,0,0,0,0,0,0,0,0,0,0,0,0,0,0,0,0,0,0,1,49.86029288,1,1,0,0,56.02739257,0
518,0,0,0,0,0,0,0,0,0,0,0,0,0,0,0,0,0,0,0,0,0,55.42654828,1,1,0,0,31.67091181,0
519,0,0,0,0,0,0,0,0,0,0,0,0,0,0,0,0,0,0,0,0,0,41.77159398,2,1,0,0,28.71067773,0
520,0,0,0,0,0,0,0,0,0,0,0,0,0,0,0,0,0,0,0,0,0,60.84242777,2,1,0,0,49.84223618,0
521,0,0,0,0,0,0,0,0,0,0,0,0,0,0,0,0,0,0,0,0,0,73.50092084,2,1,0,0,45.30379478,0
522,0,0,0,0,0,0,0,0,0,0,0,0,0,0,0,0,0,0,0,0,0,62.21365243,1,0,0,1,22.01971135,0
523,0,0,0,0,0,0,0,0,0,0,0,0,0,0,0,0,0,0,0,0,0,51.90615264,2,0,0,1,47.81865787,0
524,0,0,0,0,0,0,0,0,0,0,0,0,0,0,0,0,0,0,0,0,0,69.87960351,1,0,0,0,46.06219809,0
525,0,0,0,0,0,0,0,0,0,0,0,0,0,0,0,0,0,0,0,1,0,60.18091738,2,0,0,0,38.98576099,0
526,0,0,0,0,0,0,0,0,0,0,0,0,0,0,0,0,0,0,0,0,0,58.43246119,1,1,0,0,30.58763794,0
527,0,0,0,0,0,0,0,0,0,0,0,0,0,0,0,0,0,0,0,1,1,51.8430649,1,1,0,0,46.66793805,0
528,0,0,0,0,0,0,0,0,0,0,0,0,0,0,0,0,0,0,0,0,0,63.52648062,1,0,0,1,55.41403873,0
529,0,0,0,0,0,0,0,0,0,0,0,0,0,0,0,0,0,0,0,1,0,46.30657837,2,1,0,0,51.17932419,0
530,0,0,0,0,0,0,0,0,0,0,0,0,0,0,0,0,0,0,0,0,0,61.21633766,1,0,0,0,50.49237178,0
531,0,0,0,0,0,0,0,0,0,0,0,0,0,0,0,0,0,0,0,0,0,50.28963376,2,0,1,0,43.56545299,0
532,0,0,0,0,0,0,0,0,0,0,0,0,0,0,0,0,0,0,0,0,0,58.21636532,1,1,0,0,35.74926752,0
533,0,0,0,0,0,0,0,0,0,0,0,0,0,0,0,0,0,0,1,0,0,72.21928603,1,1,0,0,57.29143111,0
534,0,0,0,0,0,0,0,0,0,0,0,0,0,0,0,0,0,0,1,0,0,65.88747381,2,0,1,0,45.48427257,0
535,0,0,0,0,0,1,0,0,0,0,0,0,0,0,0,0,0,0,1,0,0,71.95711436,2,0,0,1,57.48539912,0
536,0,0,0,0,0,0,0,0,0,0,0,0,0,0,0,0,0,0,1,0,0,42.39835214,2,0,1,0,49.20431835,0
537,0,0,0,0,0,0,0,0,0,0,0,0,0,0,0,0,0,0,0,0,0,53.96136671,2,0,0,0,30.921,0
538,0,0,0,0,0,0,0,0,0,0,0,0,0,0,0,0,0,0,0,0,0,55.71217073,1,0,1,0,65.87047194,1
539,0,0,0,0,0,0,0,0,0,0,0,0,0,0,0,0,0,0,0,0,0,65.50363092,2,0,1,0,52.67545503,0
540,0,0,0,0,0,0,0,0,0,0,0,0,0,0,0,0,0,0,0,0,0,67.43754526,1,0,0,0,25.53502404,0
541,0,0,0,0,0,0,0,0,0,0,0,0,0,0,0,0,0,0,0,0,0,61.39295139,1,1,0,0,34.01447511,0
542,0,0,0,0,0,0,0,0,0,0,0,0,0,0,0,0,0,0,1,1,0,62.01627583,1,0,1,0,54.00429743,0
543,0,0,0,0,0,0,0,0,0,0,0,0,0,0,0,0,0,0,0,0,0,42.98437647,1,0,0,1,53.12366486,0
544,0,0,0,0,0,0,0,0,0,0,0,0,0,0,0,0,0,0,0,0,0,65.56579205,1,0,0,1,45.8220549,0
545,0,0,0,0,0,0,0,0,0,0,0,0,0,0,0,0,0,0,0,1,1,62.39369485,1,0,1,0,44.14733269,0
546,0,0,0,0,0,0,0,0,0,0,0,0,0,0,0,0,0,0,0,0,0,39.96429079,1,0,0,1,23.1552442,0
547,0,0,0,0,0,0,0,0,0,0,0,0,0,0,0,0,0,0,0,0,0,53.1477038,2,0,1,0,55.1739874,0
548,0,0,0,0,0,0,0,0,0,0,0,0,0,0,0,0,0,0,0,0,0,51.0117084,1,1,0,0,41.02996632,0
549,0,0,0,0,0,0,0,0,0,0,0,0,0,0,0,0,0,0,1,0,0,51.29903435,1,0,0,0,44.98957575,0
550,0,0,0,0,0,0,0,0,0,0,0,0,0,0,0,0,0,0,0,0,0,66.80426413,2,0,0,1,58.02986754,0
551,0,0,0,0,0,0,0,0,0,0,0,0,0,0,0,0,0,0,0,0,0,52.74315093,1,1,0,0,45.17653332,0
552,0,0,0,0,0,0,0,0,0,0,0,0,0,0,0,0,0,0,0,0,0,56.38502301,1,1,0,0,28.062459,0
553,0,0,0,0,0,0,0,0,0,0,0,0,0,0,0,0,0,0,0,1,0,58.58781492,1,0,0,0,39.71583135,0
554,0,0,0,0,0,0,0,0,0,0,0,0,0,0,0,0,0,0,1,0,0,53.71595855,1,1,0,0,30.04856814,1
555,0,0,0,1,0,0,0,0,0,0,0,0,0,0,0,0,0,0,0,0,0,55.10462161,1,1,0,0,49.22008924,0
556,0,0,0,0,0,0,0,0,0,0,0,0,0,0,0,0,0,0,0,0,0,72.70307582,2,1,0,0,47.25648633,0
557,0,0,0,0,0,0,0,0,0,0,0,0,0,0,0,0,0,0,0,0,0,61.65685653,1,0,0,0,37.49811628,0
558,0,0,0,0,0,0,0,0,0,0,0,0,0,0,0,0,0,0,1,0,0,60.75807097,2,1,0,0,67.24578407,1
559,0,0,0,0,0,0,0,0,0,0,0,0,0,0,0,0,0,0,1,0,1,81.67501087,2,1,0,0,61.05158625,0
560,0,0,0,0,0,0,0,0,0,0,0,0,0,0,0,0,0,0,1,0,0,58.96387526,2,0,0,0,48.2537841,0
561,0,0,0,0,0,0,0,0,0,0,0,0,0,0,0,0,0,0,0,1,0,53.42408631,1,1,0,0,56.0683852,0
562,0,0,0,0,0,0,0,0,0,0,0,0,0,0,0,0,0,0,0,0,0,72.08414936,2,1,0,0,39.82670861,0
563,0,0,0,0,0,0,0,0,0,0,0,0,0,0,0,0,1,0,0,0,1,49.21982097,2,0,0,0,57.63503227,0
564,0,0,0,0,0,0,0,0,0,0,0,0,0,0,0,0,0,0,0,0,0,70.33514015,1,1,0,0,41.08592871,0
565,0,0,0,0,0,0,0,0,0,0,0,0,0,0,0,0,0,0,0,1,0,70.76930292,2,1,0,0,67.29239017,1
566,0,0,0,0,0,0,0,0,0,0,0,0,0,0,0,0,0,0,0,0,0,73.97782605,2,1,0,0,34.70846016,0
567,0,0,0,0,0,0,0,0,0,0,0,0,0,0,0,0,0,0,1,0,1,59.26883966,2,0,1,0,46.75869623,0
568,0,0,0,0,0,0,0,0,0,0,0,0,0,0,0,0,0,0,0,0,0,70.94522884,1,1,0,0,59.6194193,1
569,0,0,0,0,0,0,0,0,0,0,0,0,0,0,0,0,0,0,0,0,0,58.44733402,2,0,1,0,49.97295444,0
570,0,0,0,0,0,0,0,0,0,0,0,0,0,0,0,0,0,0,0,0,0,65.78823293,2,0,0,1,35.37771514,0
571,0,0,0,0,0,0,0,0,0,0,0,0,0,0,0,0,0,0,1,0,0,57.43354634,1,0,0,1,17.24666906,0
572,0,0,0,0,0,0,0,0,0,0,0,0,0,0,0,0,0,0,0,0,0,67.39537577,2,0,0,1,56.72819121,0
573,0,0,0,0,0,0,0,0,0,0,0,0,0,0,1,0,0,0,0,1,1,60.0729845,1,1,0,0,60.79210879,0
574,0,0,0,0,0,0,0,0,0,0,0,0,0,0,0,0,0,0,0,1,0,57.61173789,1,0,0,1,74.22313386,1
575,0,0,0,0,0,0,0,0,0,0,0,0,0,0,0,0,0,0,0,1,0,63.67153886,1,1,0,0,53.19944148,0
576,0,0,0,0,0,0,0,0,0,0,0,0,0,0,0,0,0,0,0,1,0,55.84851084,1,1,0,0,26.30131648,0
577,0,0,0,0,0,0,0,0,0,0,0,0,0,0,0,0,0,0,0,0,0,39.40625525,2,1,0,0,63.62356842,0
578,0,0,0,0,0,0,0,0,0,0,0,0,0,0,0,0,0,0,0,1,0,52.7528184,1,1,0,0,26.23881643,0
579,0,0,1,0,0,0,0,0,0,0,0,0,0,0,0,0,0,0,0,1,0,58.61154073,1,0,1,0,26.22268477,0
580,0,0,0,0,0,0,0,0,0,0,0,0,0,0,0,0,0,0,0,1,1,81.52106573,1,0,0,1,24.82565266,0
581,0,0,0,0,0,0,0,0,0,0,0,0,0,0,0,0,0,0,0,0,0,74.94523136,2,0,0,0,45.96244737,0
582,0,0,0,0,0,0,0,0,0,0,0,0,0,0,0,0,0,0,0,0,0,60.90447224,2,1,0,0,50.64839782,0
583,0,0,0,0,0,0,0,0,0,0,0,0,0,0,0,0,0,0,2,0,0,52.20471855,2,1,0,0,28.38655963,0
584,0,0,0,0,0,0,0,0,0,0,0,0,0,0,0,0,0,0,0,0,0,63.87497088,1,1,0,0,48.94425557,0
585,0,0,0,0,0,0,0,0,0,0,0,0,0,0,0,0,0,0,0,1,0,47.53951661,1,0,0,1,61.01980887,0
586,0,0,0,0,0,0,0,0,0,0,0,0,0,0,0,0,0,0,0,0,0,57.62490906,1,1,0,0,59.24865629,0
587,0,0,0,0,0,0,0,0,0,0,0,0,0,0,0,0,0,0,0,1,0,70.42408869,1,1,0,0,67.41996126,1
588,0,0,0,0,0,0,0,0,0,0,0,0,0,0,0,0,0,0,1,0,0,60.88752145,1,0,0,1,67.55046781,0
589,0,0,0,0,0,0,0,0,0,0,0,0,0,0,0,0,0,0,0,0,0,62.34613592,2,0,0,1,56.79117697,1
590,0,0,0,0,0,0,0,0,0,0,0,0,0,0,0,0,0,0,0,1,0,58.84600771,2,1,0,0,42.19562456,0
591,0,0,0,0,0,0,0,0,0,0,0,0,0,0,0,0,0,0,0,0,0,57.8082639,2,1,0,0,56.87309527,0
592,0,0,0,0,0,0,0,0,0,0,0,0,0,0,0,0,0,0,1,0,0,49.5215364,1,0,0,0,48.08074075,0
593,0,0,0,0,0,0,0,0,0,0,0,0,0,0,0,0,0,0,0,0,0,49.7278508,1,0,1,0,43.46601303,1
594,0,0,0,0,0,0,0,0,0,0,0,0,0,0,0,0,0,0,0,0,0,59.0398512,1,0,1,0,53.81703277,0
595,0,0,0,0,0,0,0,0,0,0,0,0,0,0,0,0,0,0,0,1,0,50.6494109,1,1,0,0,54.04975686,0
596,0,0,0,0,0,0,0,0,0,0,0,0,0,0,0,0,0,0,1,0,0,47.15029901,2,0,1,0,61.22739429,0
597,0,0,0,0,0,0,0,0,0,0,0,0,0,0,0,0,0,0,1,0,0,52.18606234,1,0,1,0,50.2964575,0
598,0,0,0,0,0,0,0,0,0,0,0,0,0,0,0,0,0,0,0,0,1,62.68637977,2,0,1,0,51.44008853,0
599,0,0,0,0,0,0,0,0,0,0,0,0,0,0,0,0,0,0,0,0,0,62.94766453,2,0,0,1,63.45957676,0
600,0,0,0,0,0,0,0,0,0,0,0,0,0,0,0,0,0,0,0,0,1,67.19132974,2,1,0,0,52.16080955,0
601,0,0,0,0,0,0,0,0,0,0,0,0,0,0,0,0,0,0,0,0,0,73.22766078,1,0,0,1,53.08465937,0
602,0,0,0,0,0,0,0,0,0,0,0,0,0,0,0,0,0,0,0,0,0,78.51380571,2,1,0,0,47.28178859,0
603,0,0,0,0,0,0,0,0,0,0,0,0,0,0,0,0,0,0,0,0,0,59.66921683,2,1,0,0,68.33416489,0
604,0,0,0,0,0,0,0,0,0,0,0,0,0,0,0,0,0,0,2,0,0,64.14636168,2,0,0,0,51.75961985,0
605,0,0,0,0,0,0,0,0,0,0,0,0,0,0,0,0,0,0,1,0,0,59.8757204,1,0,0,1,54.23708474,0
606,0,0,0,0,0,0,0,0,0,0,0,0,0,0,0,0,0,0,0,1,0,60.98304701,2,0,1,0,52.06885745,0
607,0,0,0,0,0,0,0,0,0,0,0,0,0,0,0,0,0,0,0,0,0,64.03363744,2,1,0,0,47.74744482,0
608,0,0,0,0,0,0,0,0,0,0,0,0,0,0,0,0,0,0,0,0,0,54.96642943,2,0,0,0,44.08860335,0
609,0,0,0,0,0,0,0,0,0,0,0,0,0,0,0,0,0,0,0,0,0,62.26952956,1,1,0,0,52.64241551,1
610,0,0,0,0,0,0,0,0,0,0,0,0,0,0,0,0,0,0,1,1,0,87.81550009,2,0,1,0,61.16722123,0
611,0,0,0,0,0,0,0,0,0,0,0,0,0,0,0,0,0,0,0,1,0,57.49332686,1,1,0,0,57.82638927,0
612,0,0,0,0,0,0,0,0,0,0,0,0,0,0,0,0,0,0,0,0,0,60.04121576,1,0,0,1,42.10131509,0
613,0,0,0,0,0,0,0,0,0,0,0,0,0,0,0,0,0,0,0,0,1,70.08266548,2,1,0,0,44.85822033,0
614,0,0,0,0,0,0,0,0,0,0,0,0,0,0,0,0,0,0,0,1,0,52.89974735,2,0,0,1,40.13068876,0
615,0,0,0,0,0,0,0,0,0,0,0,0,0,0,0,0,0,0,0,0,0,60.12215067,2,0,0,1,42.59015918,0
616,0,0,0,0,0,0,0,0,0,0,0,0,0,0,0,0,0,0,0,0,1,65.81538051,1,0,1,0,28.47993766,0
617,0,0,0,0,0,0,0,0,0,0,0,0,0,0,0,0,0,0,0,0,0,80.07821287,1,0,0,0,35.74593643,0
618,0,0,0,0,0,0,0,0,0,0,0,0,0,0,0,0,0,0,0,0,0,42.38212102,2,0,0,0,41.02288339,0
619,0,0,0,0,0,0,0,0,0,0,0,1,0,0,0,0,0,0,1,0,0,58.54050438,1,0,1,0,38.33345176,0
620,0,0,0,0,0,0,0,0,0,0,0,0,0,0,0,0,0,0,0,0,1,66.81651532,2,1,0,0,54.39380107,0
621,0,0,0,0,0,0,0,0,0,0,0,0,0,0,0,0,0,0,0,0,0,47.91449429,1,0,0,0,59.12844141,0
622,0,0,0,0,0,0,0,0,0,0,0,0,0,0,0,0,0,0,0,1,0,81.27731488,2,0,0,1,43.24807497,0
623,0,0,0,0,0,0,0,0,0,0,0,0,0,0,0,0,0,0,0,0,0,72.00246967,1,1,0,0,50.52086084,0
624,0,0,0,0,0,0,0,0,0,0,0,0,0,0,0,0,0,0,0,0,0,56.38032662,1,0,0,0,40.1993856,1
625,0,0,0,0,0,0,0,0,0,0,0,0,0,0,0,1,0,0,0,0,0,59.19209997,2,1,0,0,57.76047978,0
626,0,0,0,0,0,0,0,0,0,0,0,0,0,0,0,0,0,0,0,0,0,62.14853453,1,0,0,1,56.25306885,0
627,0,0,0,0,0,0,0,0,0,0,0,0,0,0,0,0,0,0,0,0,0,68.65229004,1,0,0,1,42.52456891,0
628,0,0,0,0,0,0,0,0,0,0,0,0,0,0,0,0,0,0,0,1,0,49.84067159,1,0,0,1,64.4590438,0
629,0,0,0,0,0,0,0,0,0,0,0,0,0,0,0,0,0,0,0,0,1,56.17987048,1,0,0,0,63.27650848,1
630,0,0,0,0,0,0,0,0,0,0,0,0,0,0,0,0,0,0,0,0,0,72.81197046,2,1,0,0,53.56284646,0
631,0,0,0,0,0,0,0,0,0,0,0,0,0,0,0,0,0,0,0,0,0,49.63907057,2,1,0,0,26.26004384,1
632,0,0,0,0,0,0,0,0,0,0,0,0,0,0,0,0,0,0,0,0,0,81.44546795,2,0,0,0,57.16179166,0
633,0,0,0,0,0,0,0,0,0,0,0,0,0,0,0,0,0,0,0,0,0,68.34089029,1,1,0,0,51.00878074,0
634,0,0,0,0,0,0,0,0,0,0,0,0,0,0,0,0,0,0,0,0,0,50.94144519,2,0,0,1,43.50077833,0
635,0,1,0,0,0,0,0,0,0,0,0,0,0,0,0,0,0,0,0,0,1,49.81865776,2,1,0,0,42.26304388,0
636,0,0,0,0,0,0,0,0,0,0,0,0,0,0,0,0,0,0,0,0,0,70.61827753,1,0,0,1,43.21215776,0
637,0,0,0,0,0,0,0,0,0,0,0,0,0,0,0,0,0,0,0,0,0,52.46230844,2,0,1,0,56.56699417,0
638,0,0,0,0,0,0,0,0,0,0,0,0,0,0,0,0,0,0,1,0,0,64.10902344,1,0,0,0,46.46744288,0
639,0,0,0,0,0,0,0,0,0,0,0,0,0,0,0,0,0,0,0,0,0,71.057836,1,0,1,0,47.66834504,0
640,0,0,0,0,0,0,0,0,0,0,0,0,0,0,0,0,0,0,1,0,0,54.67600371,1,1,0,0,39.03313403,0
641,0,0,0,0,0,0,0,0,0,0,0,0,0,0,0,0,0,0,1,0,0,53.58370083,1,0,1,0,54.47828114,0
642,0,0,0,0,0,0,0,0,0,0,0,0,0,0,0,0,0,0,1,0,0,60.12045619,1,1,0,0,57.90820089,0
643,0,0,0,0,0,0,0,0,0,0,0,0,0,0,0,0,0,0,0,0,0,42.67440477,2,0,1,0,42.99044907,0
644,0,0,0,0,0,0,0,0,0,0,0,0,0,0,0,0,0,0,1,0,1,49.12441262,2,1,0,0,43.81218034,0
645,0,0,0,0,0,0,0,0,0,0,0,0,0,0,0,0,0,0,0,0,0,65.37508028,2,1,0,0,35.63118722,0
646,0,0,0,0,0,0,0,0,0,0,0,0,0,0,0,0,0,0,0,0,0,64.85053496,1,0,0,0,51.75680338,0
647,0,0,0,0,0,0,0,0,0,0,0,0,0,0,0,0,0,0,0,0,0,51.7930761,2,0,0,0,42.52227786,0
648,0,0,0,0,0,0,0,0,0,0,1,0,1,0,0,0,0,0,0,0,0,50.3520441,1,1,0,0,45.88464246,0
649,0,0,0,0,0,0,0,0,0,0,0,0,0,0,0,0,0,0,1,0,0,49.26380544,1,1,0,0,40.25050469,0
650,0,0,0,0,0,0,0,0,0,0,0,0,0,0,0,0,0,0,0,0,0,55.01620304,1,0,0,0,28.48919259,0
651,0,0,0,0,0,0,0,0,0,0,0,0,0,0,0,0,0,0,0,0,0,67.27654591,2,1,0,0,61.02352319,0
652,0,0,0,0,0,0,0,0,0,0,0,0,0,0,0,0,0,0,0,0,1,73.6646594,2,1,0,0,28.60925672,0
653,0,0,0,0,0,0,0,0,0,0,0,0,0,0,0,0,0,0,1,0,0,62.65026618,2,0,0,0,41.5578389,1
654,0,0,0,0,0,0,0,0,0,0,0,0,0,0,0,0,0,0,1,0,1,52.3699751,1,0,1,0,38.92151579,0
655,0,0,0,0,0,0,0,0,0,0,0,0,0,0,0,0,0,0,1,0,0,52.97668583,1,0,0,1,59.61748098,0
656,0,0,0,0,0,0,0,0,0,0,0,0,0,0,0,0,0,0,1,1,0,49.88072318,2,0,0,0,41.90826667,0
657,0,0,0,0,0,0,0,0,0,0,0,0,0,0,0,0,0,0,0,1,0,54.43374631,2,1,0,0,39.40372255,0
658,0,0,0,0,0,0,0,0,0,0,0,0,0,0,0,0,0,0,0,1,1,54.13007046,2,0,0,0,53.19526413,0
659,0,0,0,0,0,0,0,0,0,0,0,0,0,0,0,0,0,0,1,0,0,49.56512589,1,1,0,0,42.21570957,0
660,0,0,0,0,0,0,0,0,0,0,0,0,0,0,0,0,0,0,0,0,0,73.16602229,2,0,1,0,39.76979754,0
661,0,0,0,0,0,0,0,0,0,0,0,0,0,0,0,0,0,0,1,0,0,70.57269156,1,1,0,0,56.40292711,0
662,0,0,0,0,0,0,0,1,0,0,0,0,0,0,0,0,0,0,1,0,0,62.6813833,2,0,1,0,44.02089737,0
663,0,0,0,0,0,0,0,0,0,0,0,0,0,0,0,0,0,0,0,0,0,65.90749943,2,1,0,0,42.88069842,1
664,0,0,0,0,0,0,0,0,0,0,0,0,0,0,0,0,0,0,0,0,0,61.31312824,2,0,0,0,23.08424602,0
665,0,0,0,0,0,0,0,0,0,0,0,0,0,0,0,0,0,0,0,0,0,57.99878213,2,1,0,0,75.69637247,1
666,0,0,0,0,0,0,0,0,0,0,0,0,0,0,0,0,0,0,0,0,0,60.37541788,2,0,0,1,59.69389689,0
667,0,0,0,0,0,0,0,0,0,0,0,0,0,0,0,0,0,0,0,0,0,52.61473124,2,0,0,0,26.62727319,0
668,0,0,0,0,0,0,0,0,0,0,0,0,0,0,0,0,0,0,0,1,0,67.21721121,2,0,0,1,79.17447244,0
669,0,0,0,0,0,0,0,0,0,0,0,0,0,0,0,0,0,0,0,0,0,68.5911591,2,0,1,0,41.48594775,0
670,0,0,0,0,0,0,0,0,0,0,0,0,0,0,0,0,0,0,1,0,0,80.39749423,1,0,1,0,62.5167318,0
671,0,0,0,0,0,0,0,0,0,0,0,0,0,0,0,0,0,0,1,0,1,56.13594017,1,1,0,0,41.11153927,0
672,0,0,0,0,0,0,0,0,0,0,0,0,0,0,0,0,0,0,1,0,0,45.82490382,2,1,0,0,39.65749689,0
673,0,0,0,0,0,0,0,0,0,0,0,0,0,0,0,0,0,0,0,0,0,58.38837744,1,0,1,0,46.33169327,0
674,0,0,0,0,0,0,0,0,0,0,0,0,0,0,0,0,0,0,1,0,0,67.04649082,2,0,0,1,45.04642128,0
675,0,0,0,0,0,0,0,0,0,0,0,0,0,0,0,0,0,0,2,0,1,53.71461237,1,0,1,0,51.46844865,0
676,0,0,0,0,0,0,0,0,0,0,0,0,0,0,0,0,0,0,0,1,0,64.8595094,2,1,0,0,59.49144649,0
677,0,0,0,0,0,0,0,0,0,0,0,0,0,0,0,0,0,0,0,1,0,47.15922663,2,0,0,0,44.41617937,0
678,0,0,0,0,0,0,0,0,0,0,0,0,0,0,0,0,0,0,0,0,0,51.9585672,2,1,0,0,71.12140397,1
679,0,0,0,0,0,0,0,0,0,0,0,0,0,0,0,0,0,0,0,0,0,65.02684179,1,1,0,0,67.92504217,1
680,0,0,0,0,0,0,0,0,0,0,0,0,0,0,0,0,0,0,0,0,0,67.03211611,1,0,0,0,42.65123685,0
681,0,0,0,0,0,0,0,0,0,0,0,0,0,0,0,0,0,0,0,1,0,48.30403023,2,0,1,0,51.05632947,0
682,0,0,0,0,0,0,0,0,0,0,0,0,0,0,0,0,0,0,0,1,0,62.41218134,1,1,0,0,52.99624478,0
683,0,0,0,0,0,0,0,0,0,0,0,0,0,0,0,0,0,0,0,1,0,55.97279839,1,0,0,1,57.47520927,0
684,0,0,0,0,0,0,0,0,0,0,0,0,0,0,0,0,0,0,0,0,0,62.23419366,2,1,0,0,61.57016109,0
685,0,0,0,0,0,0,0,0,0,0,0,0,0,0,0,0,0,0,0,1,1,53.63363348,1,0,0,1,52.75542796,0
686,0,0,0,0,0,0,0,0,0,0,0,0,0,0,0,0,0,0,0,0,0,75.10757391,2,0,1,0,49.04930915,0
687,0,0,0,0,0,0,0,0,0,0,0,0,0,0,0,0,0,0,0,0,0,63.70497871,1,0,1,0,40.56952274,0
688,0,0,0,0,0,0,0,0,0,0,0,0,0,0,0,0,0,0,0,0,0,64.79925892,1,0,0,0,43.3676217,0
689,0,0,0,0,0,0,0,0,0,0,0,0,0,0,0,0,0,0,1,0,0,59.48600215,2,1,0,0,39.49886817,0
690,0,0,0,0,0,0,0,0,0,0,0,0,0,0,0,0,0,0,0,0,0,46.56621073,1,0,1,0,49.67946997,1
691,0,0,0,0,0,0,0,0,0,0,0,0,0,0,0,0,0,0,0,0,0,66.83633113,2,0,1,0,76.91852825,0
692,0,0,0,0,0,0,0,0,0,0,0,0,0,0,0,0,0,0,0,0,1,61.98466064,1,0,0,0,37.2018754,0
693,0,0,0,0,0,0,0,0,0,0,0,0,0,0,0,0,0,0,0,0,1,64.42761169,1,0,0,0,24.67565758,0
694,0,0,0,0,0,0,0,0,0,0,0,0,0,0,0,0,0,0,1,0,0,60.51014098,1,1,0,0,56.29364338,1
695,0,0,0,0,0,0,0,0,0,0,0,0,0,0,0,0,0,0,2,0,0,62.55937681,1,0,0,0,44.59181372,0
696,0,0,0,0,0,0,0,0,0,0,0,0,0,0,0,0,0,0,0,0,0,56.73948784,1,0,0,1,41.75694481,0
697,0,0,0,0,0,0,0,0,0,0,0,0,0,0,0,0,0,0,0,0,0,56.28971858,2,0,1,0,51.72385555,0
698,0,0,0,0,0,0,0,0,0,0,0,0,0,0,0,0,0,0,0,0,0,55.02647524,2,1,0,0,26.48626747,0
699,0,0,0,0,0,0,0,0,0,0,0,0,0,0,0,0,0,0,0,0,0,74.7352805,2,0,1,0,27.17562555,0
700,0,0,0,0,0,0,0,0,0,0,0,0,0,0,0,0,0,0,0,1,0,75.03337247,1,0,1,0,57.74235112,0
701,0,0,0,0,0,0,0,0,0,1,0,0,0,0,0,0,0,0,0,0,1,58.04102164,1,1,0,0,53.11382527,0
702,0,0,0,0,0,0,0,0,0,0,0,0,0,0,0,0,0,0,0,1,0,65.65377548,1,0,1,0,45.1764054,0
703,0,0,0,0,0,0,0,0,0,0,0,0,0,0,0,0,0,0,1,0,0,57.343669,2,1,0,0,72.74425235,1
704,0,0,0,0,0,0,0,0,0,0,0,0,0,0,0,0,0,0,0,0,0,68.32260431,2,0,0,0,32.73508111,0
705,0,0,0,0,0,0,0,0,0,0,0,0,0,0,0,0,0,0,1,1,0,76.51671061,1,0,1,0,45.0414893,0
706,0,0,0,0,0,0,0,0,0,0,0,0,0,0,0,0,0,0,1,0,0,55.69802161,2,0,1,0,52.82675869,0
707,0,0,0,0,0,0,0,0,0,0,0,0,0,0,0,0,0,0,1,1,0,55.66087158,1,0,0,0,34.46871791,0
708,0,0,0,0,0,0,0,0,0,0,0,0,0,0,0,0,0,0,0,0,0,68.05646439,2,0,1,0,21.6300597,0
709,0,0,0,0,0,0,0,0,0,0,0,0,0,0,0,0,0,0,0,0,1,58.30797021,1,1,0,0,45.07308579,0
710,0,0,0,0,0,0,0,0,0,0,0,0,0,0,0,0,0,0,0,0,0,56.39212278,1,0,0,1,57.67320374,0
711,0,0,0,0,0,0,0,0,0,0,0,0,0,0,0,1,1,0,0,0,0,56.77916353,2,0,0,1,51.97786065,0
712,0,0,0,0,0,0,0,0,0,0,0,0,0,0,0,0,0,0,0,0,0,65.69943269,2,1,0,0,38.64023572,0
713,0,0,0,0,0,1,0,0,0,0,0,0,0,0,0,0,0,0,0,0,0,36.62635169,2,0,1,0,56.11636852,0
714,0,0,0,0,0,0,0,0,0,0,0,0,0,0,0,0,0,0,0,0,0,54.95105082,1,1,0,0,19.39096472,0
715,0,0,0,0,0,0,0,0,0,0,0,0,0,0,0,0,0,0,0,1,0,60.6228509,1,1,0,0,44.7004548,0
716,0,0,0,0,0,0,0,0,0,0,0,0,0,0,0,0,0,0,0,0,1,59.02946532,1,0,1,0,71.27510487,1
717,0,0,0,0,0,1,1,0,0,0,0,0,0,0,0,0,0,0,1,0,0,59.80774663,2,1,0,0,62.7492466,1
718,0,0,0,0,0,0,0,0,0,0,0,0,0,0,0,0,0,0,0,0,1,52.81078131,2,0,1,0,77.65444059,1
719,0,0,0,0,0,0,0,0,0,0,0,0,0,0,0,0,0,0,0,0,1,58.68836613,2,0,0,1,49.25005173,0
720,0,0,0,0,0,0,0,0,0,0,0,0,0,0,0,0,0,0,1,1,0,59.8452243,1,1,0,0,43.01845428,0
721,0,0,0,0,0,0,0,0,0,0,0,0,0,0,0,0,0,0,0,0,0,66.5122769,1,1,0,0,40.09934253,0
722,0,0,0,0,0,0,0,0,0,0,0,0,0,0,0,0,0,0,0,0,0,66.39167123,1,0,1,0,28.93455755,0
723,0,0,0,0,0,0,0,0,0,0,0,0,0,0,0,0,0,0,0,0,0,51.64726501,1,0,0,0,56.55264278,0
724,0,0,0,0,0,0,0,0,0,0,0,0,0,0,0,0,0,0,0,1,1,52.29180829,2,0,0,1,56.67764414,0
725,0,0,0,0,0,0,0,0,0,0,0,0,0,0,0,0,0,0,0,0,0,63.79245941,1,1,0,0,42.53116089,0
726,0,0,0,0,0,0,0,0,0,0,0,0,0,0,0,0,0,0,2,0,0,68.39224228,1,0,1,0,34.39187842,0
727,0,0,0,0,0,0,0,0,0,0,0,0,0,0,0,0,0,0,2,1,0,67.95885933,1,1,0,0,66.4479881,0
728,0,0,0,0,0,0,0,0,0,0,0,0,0,0,0,0,0,0,0,0,0,60.03456958,1,1,0,0,52.33875018,0
729,0,0,0,0,0,0,0,0,0,0,0,0,0,0,0,0,0,0,0,1,0,50.7530323,1,1,0,0,39.96358312,0
730,0,0,0,0,0,0,0,0,0,1,0,0,0,0,0,0,0,0,1,1,0,62.30399755,2,1,0,0,63.49321316,0
731,0,0,0,0,0,0,0,0,0,0,0,0,0,0,0,0,0,0,1,1,0,45.68473797,2,0,0,0,55.56303677,0
732,0,0,0,0,0,0,0,0,0,0,0,0,0,0,0,0,0,0,1,0,0,64.36805634,1,0,0,0,33.65290803,0
733,0,0,0,0,0,0,0,0,0,0,0,0,0,0,0,0,0,0,0,0,0,67.60953603,2,0,1,0,64.38993783,0
734,0,0,0,0,0,0,0,0,0,0,0,0,0,0,0,0,0,0,1,0,0,57.36862012,1,1,0,0,57.31846388,0
735,0,0,0,0,0,0,0,0,0,0,0,0,0,0,0,0,0,0,0,0,0,67.02414835,1,0,1,0,69.78719186,0
736,0,0,0,0,0,0,0,0,0,0,0,0,0,0,0,0,0,0,0,1,0,55.40957674,1,0,0,1,49.29293126,1
737,0,0,0,0,0,0,0,0,0,0,0,0,0,0,0,0,0,0,0,0,0,61.86370483,1,0,0,1,53.23163899,0
738,0,0,0,0,0,0,0,0,0,0,0,0,0,0,0,0,0,0,0,0,0,68.80146527,2,1,0,0,32.47363595,0
739,0,0,0,0,0,0,0,0,0,0,0,0,0,0,0,0,0,0,0,0,0,48.12919869,2,1,0,0,50.01668029,0
740,0,0,0,0,0,0,0,0,0,0,0,0,0,0,0,0,0,0,0,0,0,72.92916068,2,1,0,0,61.84776432,0
741,0,0,0,0,0,0,0,0,0,0,0,0,0,0,0,0,0,0,1,0,0,66.86457198,1,0,0,0,11.42384705,0
742,0,0,0,0,0,0,0,0,0,0,0,0,0,0,0,0,0,0,0,0,0,65.048268,1,0,1,0,29.19735453,0
743,0,0,0,0,0,0,0,0,0,0,0,0,0,0,0,0,0,0,0,0,0,57.90378615,2,1,0,0,47.38413307,0
744,0,0,0,0,0,0,0,0,0,0,0,0,0,0,0,0,0,0,1,0,0,45.41677499,1,1,0,0,41.60471288,0
745,0,0,0,0,0,0,0,0,0,0,1,0,0,0,0,0,0,0,0,0,1,55.47464559,1,0,1,0,65.87740712,0
746,0,0,0,0,0,0,0,0,0,0,0,0,0,0,0,0,0,0,1,0,0,52.54772052,2,0,1,0,44.68739508,0
747,0,0,0,0,0,0,0,0,0,0,0,0,0,0,0,0,0,0,0,1,0,67.76594461,1,0,1,0,56.6717565,0
748,0,0,0,0,0,0,0,0,0,0,0,0,0,0,0,0,0,0,0,0,0,70.22987881,1,0,0,1,50.8363736,0
749,0,0,0,0,0,0,0,0,0,0,0,0,0,0,0,0,0,0,1,0,0,71.14771383,2,0,0,0,31.06891454,0
750,0,0,0,0,0,0,0,0,0,0,0,0,0,0,0,0,0,0,0,0,0,71.61435195,1,0,0,0,43.28482312,0
751,0,0,0,0,0,0,0,0,0,0,0,0,0,0,0,0,0,0,0,1,0,52.62208017,1,1,0,0,75.00926905,1
752,0,0,0,0,0,0,0,0,0,0,0,0,0,0,0,0,0,0,1,0,0,62.20344024,1,1,0,0,36.09386274,0
753,0,0,0,0,0,0,0,0,0,0,0,0,0,0,0,0,0,0,0,0,0,61.82631058,2,1,0,0,67.3647251,0
754,0,0,0,0,0,0,0,0,0,0,0,0,0,0,0,0,0,0,0,0,0,58.55767512,2,1,0,0,39.69320602,0
755,0,0,0,0,0,0,0,0,0,0,0,0,0,0,0,0,0,0,0,0,0,60.44884391,1,0,1,0,58.24599482,0
756,0,0,0,0,0,0,0,0,0,0,0,0,0,0,0,0,0,0,0,0,0,35.03860802,1,0,0,0,18.09991096,0
757,0,0,0,0,0,0,0,0,0,0,0,0,0,0,0,0,0,0,0,0,1,56.63891953,2,0,1,0,46.64461797,0
758,0,0,0,0,0,0,0,0,0,0,0,0,0,0,0,0,0,0,0,1,0,64.99026021,2,1,0,0,65.19402353,0
759,0,0,0,0,0,0,0,0,0,0,0,0,0,0,0,0,0,0,0,0,1,76.95618688,2,0,1,0,26.57468892,1
760,0,0,0,0,0,0,0,0,0,0,0,0,0,0,0,0,0,0,0,0,0,69.25667988,2,0,0,0,61.47466458,0
761,0,0,0,0,0,0,0,0,0,0,0,0,0,0,0,0,0,0,0,0,0,68.87941825,1,1,0,0,55.09078044,0
762,0,0,0,0,0,0,0,0,0,0,0,0,0,0,0,0,0,0,0,2,0,53.18120188,2,0,1,0,59.08263959,0
763,0,0,0,0,0,0,0,0,0,0,0,0,0,0,0,0,0,0,0,0,0,62.08287478,1,0,0,0,33.55438786,0
764,0,0,0,0,0,0,0,0,0,0,0,0,0,0,0,0,0,0,1,0,0,70.79952698,1,0,1,0,41.71621366,0
765,0,0,0,0,0,0,0,0,0,0,0,0,0,0,0,0,0,0,1,0,0,65.45559857,2,0,1,0,34.66264938,0
766,0,0,0,0,0,0,0,0,0,0,0,0,0,0,0,0,0,0,0,0,0,56.7402964,1,1,0,0,44.95860146,0
767,0,0,0,0,0,0,0,0,0,0,0,0,0,0,0,0,0,0,1,0,0,75.83547492,2,0,1,0,32.13688823,0
768,0,0,0,0,0,0,0,0,0,0,0,0,0,0,0,0,0,0,0,0,0,44.71436865,1,1,0,0,59.97021302,0
769,0,0,0,0,0,0,0,0,0,0,0,0,0,0,0,0,0,0,1,0,0,61.62346272,1,1,0,0,40.87149698,0
770,0,0,0,0,0,0,0,0,0,0,0,0,0,0,0,0,0,0,0,0,1,63.1538277,2,0,0,1,27.7685357,0
771,0,0,0,0,0,0,0,0,0,0,0,0,0,0,0,0,0,0,0,0,1,49.11581404,2,0,1,0,65.81942553,1
772,0,0,0,0,0,0,0,0,0,0,0,0,0,0,0,0,0,0,1,0,0,65.44173648,1,0,0,1,30.36862111,0
773,0,0,0,0,0,0,0,0,0,0,0,0,0,0,1,0,0,0,1,0,0,73.61548555,1,1,0,0,63.25381912,0
774,0,0,0,0,0,0,0,0,0,0,0,0,0,0,0,0,0,0,1,0,0,55.96347385,2,0,0,1,67.83926563,1
775,1,0,0,0,0,0,0,0,0,0,0,0,0,0,0,0,0,0,1,1,0,64.75285001,1,0,1,0,61.06372257,0
776,0,0,0,0,0,1,0,0,0,0,0,0,0,0,0,0,0,0,0,1,0,57.86982958,1,0,0,1,53.43749928,0
777,0,0,0,0,0,0,0,0,0,0,0,0,0,0,0,0,0,0,0,0,0,47.61198787,1,1,0,0,56.70437366,1
778,0,0,0,0,0,0,0,0,0,0,0,0,0,0,0,0,0,0,0,1,0,47.55635207,1,0,1,0,38.72477818,0
779,0,0,0,0,0,0,0,0,0,0,0,0,0,0,0,0,0,0,0,0,0,73.01142308,2,1,0,0,38.09360858,0
780,0,0,0,0,0,0,0,0,0,0,1,0,0,0,0,0,0,0,0,1,0,57.37922896,2,1,0,0,52.38447178,0
781,0,0,0,0,0,0,0,0,0,0,0,0,0,0,0,0,1,0,0,0,0,34.73659344,1,1,0,0,38.09991651,0
782,0,0,0,0,0,0,0,0,0,0,0,0,0,0,0,0,0,0,0,0,0,56.9213449,1,1,0,0,56.73054581,0
783,0,0,0,0,0,0,0,0,0,0,0,0,0,0,0,0,0,0,1,0,0,74.82042044,2,0,1,0,56.5021336,0
784,0,0,0,0,0,0,0,0,0,0,0,0,0,0,0,0,0,0,0,0,0,56.58813578,2,0,1,0,40.86316244,0
785,0,0,0,0,0,0,0,0,0,0,0,0,0,0,0,0,0,0,0,0,0,57.15617963,2,0,1,0,50.74090312,0
786,0,0,0,0,0,0,0,0,0,0,0,0,0,0,0,0,0,0,0,0,1,60.84435574,2,0,0,1,34.88101584,0
787,0,0,0,0,0,0,0,0,0,0,0,0,0,0,0,0,0,0,0,0,0,65.63280191,2,0,0,0,39.08971323,0
788,0,0,0,0,0,0,0,0,0,0,0,0,0,0,0,0,0,0,0,0,0,58.81000407,1,1,0,0,45.74709889,0
789,0,0,0,0,0,0,0,0,0,0,0,0,0,0,0,0,1,0,1,1,0,59.34587335,2,1,0,0,30.15365682,0
790,0,0,0,0,0,0,0,0,0,0,0,0,0,0,0,0,0,0,1,2,0,54.78618346,2,0,0,0,64.4153435,1
791,0,0,0,0,0,0,0,0,0,0,0,0,0,0,0,0,0,0,1,0,1,55.27930647,2,0,1,0,52.81560403,0
792,0,0,0,0,0,0,0,0,0,0,0,0,0,0,0,0,0,0,1,0,0,82.49459983,1,1,0,0,47.73889121,0
793,0,0,0,0,0,0,0,0,0,0,0,0,0,0,0,0,0,0,1,0,0,67.56780606,2,0,1,0,43.43468725,0
794,0,0,0,0,0,0,0,0,0,0,0,0,0,0,0,0,0,0,0,0,1,70.10143068,1,1,0,0,38.46602155,0
795,0,0,0,0,0,0,0,0,0,0,0,0,0,0,0,0,0,0,0,0,0,49.50544066,2,0,0,0,68.32178708,0
796,0,0,0,0,0,0,0,0,0,0,0,0,0,0,0,0,0,0,0,0,0,51.53737582,2,0,0,1,64.65532295,0
797,0,0,0,0,0,0,0,0,0,0,0,0,0,0,0,0,0,0,1,0,0,52.86258867,1,0,0,1,41.06978144,0
798,0,0,0,0,0,0,0,0,0,0,0,0,0,0,0,0,0,0,0,0,0,58.53643555,1,1,0,0,45.54230845,0
799,0,0,0,0,0,0,0,0,0,0,0,0,0,0,0,0,0,0,0,0,0,74.70456703,2,0,1,0,65.75607393,1
800,0,0,0,0,0,0,0,0,0,0,0,0,0,0,0,0,0,1,0,0,1,58.56874521,2,0,0,0,30.02753597,0
801,0,0,0,0,0,0,0,0,0,0,0,0,0,0,0,0,0,0,0,0,0,53.08059993,2,0,0,0,33.37653196,0
802,0,0,0,0,0,0,0,0,0,0,0,0,0,0,0,0,0,0,0,0,0,52.66067109,1,0,1,0,29.32124325,0
803,0,0,0,0,0,0,0,0,0,0,0,0,0,0,0,0,0,0,0,0,0,61.47661432,1,1,0,0,67.22359765,0
804,0,0,0,0,0,0,0,0,0,0,0,0,0,0,0,0,0,0,0,1,0,58.40060332,2,1,0,0,77.34735701,1
805,0,0,0,0,0,0,0,0,0,0,0,0,0,0,0,0,0,0,0,0,0,62.22791417,2,0,1,0,54.42753691,0
806,0,0,0,0,0,0,0,0,0,0,0,0,0,0,0,0,0,0,0,0,0,68.2646428,2,0,0,0,74.658519,0
807,0,0,0,0,0,0,0,0,0,0,0,0,0,0,0,0,0,0,0,1,0,48.07904902,1,1,0,0,52.60538763,0
808,0,0,0,0,0,0,0,0,0,0,0,0,0,0,0,0,1,0,0,0,1,54.07221066,1,0,0,1,35.84600625,0
809,0,0,0,0,0,0,0,0,0,0,0,0,0,0,0,1,0,0,0,0,0,44.37015207,2,1,0,0,56.31448565,0
810,0,0,0,0,0,0,0,0,0,0,0,0,0,0,0,0,0,0,1,0,1,71.12815764,1,1,0,0,60.36186091,0
811,0,0,0,0,0,0,0,0,0,0,0,0,0,0,0,0,0,0,0,0,0,66.36391731,1,1,0,0,43.74769209,0
812,0,0,0,0,0,0,0,0,0,0,0,0,0,0,0,0,0,0,0,0,0,52.71864319,2,1,0,0,46.30951698,0
813,0,0,0,0,0,0,0,0,0,0,0,0,0,0,0,0,0,0,0,0,0,54.31285168,1,1,0,0,57.75474629,0
814,0,0,0,0,0,0,0,0,0,0,0,0,0,0,0,0,0,0,0,0,0,47.10970796,2,1,0,0,62.57454988,0
815,0,0,0,0,0,0,0,0,0,0,0,0,0,0,0,0,0,0,2,0,0,62.79504425,2,1,0,0,44.88624537,0
816,0,0,0,0,0,0,0,0,0,0,0,0,0,0,0,0,0,0,0,1,0,49.61146992,2,0,0,1,62.89536224,0
817,0,0,0,0,0,0,0,0,0,0,0,0,0,0,0,0,0,0,0,1,0,66.90251433,2,0,1,0,40.03411453,0
818,0,0,0,0,0,0,0,0,0,0,0,0,0,0,0,0,0,0,0,0,0,77.54715231,2,1,0,0,60.69977703,0
819,0,0,0,0,0,0,0,0,0,0,0,0,0,0,0,0,0,0,0,0,0,68.85976166,2,0,0,1,38.51235764,0
820,0,0,0,0,0,0,0,0,0,0,0,0,0,0,0,0,0,0,0,0,0,57.20971017,1,0,0,0,48.31048207,0
821,0,0,0,0,0,0,0,0,0,0,0,0,0,0,0,0,0,0,0,1,0,72.4004614,1,0,0,0,62.34826735,0
822,0,0,0,0,0,0,0,0,0,0,0,0,0,0,0,0,0,0,0,0,1,54.76852105,2,1,0,0,68.20504373,1
823,0,0,0,0,0,0,0,0,0,0,0,0,0,0,0,0,0,0,1,0,0,71.45248376,2,0,0,0,73.13551821,0
824,0,0,0,0,0,0,0,0,0,0,0,0,0,0,0,0,0,0,1,1,0,55.9883199,1,1,0,0,65.11006426,1
825,0,0,0,0,0,0,0,0,0,0,0,0,0,0,0,0,0,0,0,0,0,71.8062266,1,0,1,0,39.53899971,0
826,0,0,0,0,0,0,0,0,0,0,0,0,0,0,0,0,0,0,0,1,0,65.80933355,1,0,1,0,46.54167806,0
827,0,0,0,0,0,0,0,0,0,0,0,0,0,0,0,0,0,0,0,0,1,59.24328722,1,0,0,0,51.08041981,0
828,0,0,0,0,0,0,0,0,0,0,0,0,0,0,0,0,0,0,0,0,0,58.30270626,2,0,1,0,26.08997953,0
829,0,0,0,0,0,0,0,0,0,0,0,0,0,0,0,0,0,0,0,0,0,63.7874788,1,1,0,0,45.49564888,1
830,0,0,0,0,0,0,0,0,0,0,0,0,0,0,0,0,0,0,1,2,0,50.75634426,1,1,0,0,59.40606047,0
831,0,0,0,0,0,0,0,0,0,0,0,0,0,0,0,0,0,0,0,0,2,75.49908868,1,0,0,1,47.37141033,0
832,0,0,0,0,0,0,0,0,0,0,0,0,0,0,0,0,0,0,0,0,0,68.29697808,2,0,1,0,51.65370968,0
833,0,0,0,0,0,0,0,0,0,0,0,0,0,0,0,0,0,0,1,1,0,90.29485133,2,1,0,0,39.46639813,0
834,0,0,0,0,0,0,0,0,0,0,0,0,0,0,0,0,0,0,0,1,0,57.98800304,1,1,0,0,64.24681391,0
835,0,0,0,0,0,0,0,0,0,0,0,0,0,0,0,0,0,0,1,0,0,53.49489734,1,1,0,0,47.69232747,0
836,0,0,0,0,0,0,0,0,0,0,0,0,0,0,0,0,0,0,0,0,0,56.14750879,2,0,0,0,57.62319217,0
837,0,0,0,0,0,0,0,0,0,0,0,0,0,0,0,0,0,0,1,0,0,59.05995736,2,0,0,0,39.47470722,0
838,0,0,0,0,0,0,0,0,0,0,0,0,0,0,0,0,0,0,0,1,0,37.29447901,2,0,0,0,61.26157078,0
839,0,0,0,0,0,0,0,0,0,0,0,0,0,0,0,0,0,0,0,0,2,44.34440781,2,0,0,0,62.92564944,0
840,0,0,0,0,0,0,0,0,0,0,0,0,0,0,0,0,0,0,0,0,0,66.58565219,2,0,0,1,35.55121109,0
841,0,0,0,0,0,0,0,0,0,0,0,0,0,0,0,0,0,0,0,0,1,63.82406473,1,0,0,0,37.25159267,0
842,0,0,0,0,0,0,0,0,0,0,0,0,0,0,0,0,0,0,0,0,0,37.36208245,2,0,0,1,41.6760853,0
843,0,0,0,0,0,0,0,0,0,0,0,0,0,0,0,0,0,0,0,0,1,65.75766375,2,1,0,0,64.89195784,0
844,0,0,0,0,0,0,0,0,0,0,0,0,0,0,0,0,0,0,0,0,0,44.41327611,2,1,0,0,40.77628177,0
845,0,0,0,0,0,0,0,0,0,0,0,0,0,0,0,0,0,0,0,1,0,52.79153497,2,0,1,0,50.92600789,0
846,0,0,0,0,0,0,0,0,0,0,0,0,0,0,0,0,0,0,1,0,0,56.09344529,2,1,0,0,53.78186613,0
847,0,0,0,0,0,0,0,0,0,0,0,0,0,0,0,0,0,0,0,1,1,71.88999749,1,1,0,0,56.84601641,0
848,0,0,0,0,0,0,0,0,0,0,0,0,0,0,0,0,0,0,0,0,0,67.20677389,2,1,0,0,41.31905563,0
849,0,0,0,0,0,0,0,0,0,0,0,0,0,0,0,0,0,0,1,0,0,50.47884444,2,0,0,1,67.69751788,1
850,0,0,0,0,0,0,0,0,0,0,0,0,0,0,0,0,0,0,0,0,0,63.11924974,1,0,1,0,56.21183517,0
851,0,0,0,0,0,0,0,0,0,0,0,0,0,0,0,0,0,0,0,0,0,61.59995798,2,0,0,0,30.40308175,0
852,0,0,0,0,0,0,0,0,0,0,0,0,0,0,0,0,0,0,0,0,0,48.9633079,2,0,1,0,40.33107984,0
853,0,0,0,0,0,0,0,0,0,0,0,0,0,0,0,0,0,0,0,0,0,46.7696519,2,0,1,0,56.46583448,1
854,0,0,0,0,0,0,0,0,0,0,0,0,0,0,0,0,0,0,0,0,0,55.94846429,2,1,0,0,32.8301728,0
855,0,0,0,0,0,0,0,0,0,0,0,0,0,0,0,0,0,0,0,1,0,55.21188894,2,0,0,0,45.12552583,1
856,0,0,0,0,0,0,0,0,0,0,0,0,0,0,0,0,0,0,0,0,0,74.03417762,1,1,0,0,72.28427251,1
857,0,0,0,0,0,0,0,0,0,0,0,0,0,0,0,0,0,0,0,0,0,53.12354004,1,0,1,0,54.15903983,1
858,0,0,0,0,0,0,0,0,0,0,0,0,0,0,0,0,0,0,0,0,0,62.20247177,1,1,0,0,67.94101689,0
859,0,0,0,0,0,0,0,0,0,0,0,0,0,0,0,0,0,0,0,1,0,72.71085604,2,1,0,0,31.86818374,0
860,0,0,0,0,0,0,0,0,0,0,0,0,0,0,0,0,0,0,0,1,0,63.66104851,1,0,0,0,28.9544199,1
861,0,0,0,0,0,0,0,0,0,0,0,0,0,0,0,0,0,0,0,1,0,50.55742375,2,0,0,0,60.19457869,0
862,0,0,0,0,0,0,0,0,0,0,0,0,0,0,0,0,0,0,0,0,1,59.3486356,2,1,0,0,58.37941511,1
863,0,0,0,0,0,0,0,0,0,0,0,0,0,0,0,0,0,0,1,0,0,54.65176943,1,0,1,0,55.48236704,0
864,0,0,0,0,0,0,0,0,0,0,0,0,0,0,0,0,0,0,0,0,0,87.42447091,2,0,0,1,38.54266172,1
865,0,0,0,0,0,0,0,0,0,0,0,0,0,0,0,0,0,0,0,0,0,63.50319288,1,0,0,0,44.88527977,0
866,0,0,0,0,0,0,0,0,0,0,0,0,0,0,0,0,0,0,0,0,0,58.79319204,1,0,0,0,40.13200598,0
867,0,0,0,0,0,0,0,0,0,0,0,0,0,0,0,0,0,0,1,0,0,60.81800459,1,0,0,0,42.13049615,0
868,0,0,0,0,0,0,0,0,0,0,0,0,0,0,0,0,0,0,0,0,0,50.58253719,1,0,0,1,54.55600382,0
869,0,0,0,0,0,0,0,0,0,0,0,0,0,0,0,0,0,0,0,1,0,65.39302108,2,1,0,0,40.45154735,0
870,0,0,0,0,0,0,0,0,0,0,0,0,0,0,0,0,0,0,0,0,0,44.65675206,1,1,0,0,40.28987966,1
871,0,0,0,0,0,0,0,0,0,0,0,0,0,0,0,0,0,0,0,0,0,66.96499344,2,0,1,0,44.59943986,0
872,0,0,0,0,0,0,0,0,0,0,1,0,0,0,0,0,0,0,0,1,0,77.07888399,1,0,0,0,36.10428613,0
873,0,0,0,0,0,0,0,0,0,0,0,0,0,0,0,0,0,0,0,0,0,69.48268244,1,0,0,0,43.15273053,0
874,0,0,0,0,0,0,0,0,0,0,0,0,0,0,0,0,0,0,0,0,0,60.29178903,2,0,1,0,67.11140351,1
875,0,0,0,0,0,0,0,0,0,0,0,0,0,0,0,0,0,0,0,0,0,52.30318944,2,0,1,0,47.94488007,0
876,0,0,0,0,0,1,0,0,0,0,0,0,0,0,0,0,0,0,1,0,0,66.43458071,2,0,0,1,70.46113501,0
877,0,0,0,0,0,0,0,0,0,0,0,0,0,0,0,0,0,0,0,0,0,75.87144049,2,1,0,0,54.92041245,0
878,0,0,0,0,0,0,0,0,0,0,0,0,0,0,0,0,0,0,0,0,0,63.47765195,1,0,1,0,72.76890987,1
879,0,0,0,0,0,0,0,0,0,0,0,0,0,0,0,0,0,0,0,0,0,66.88153599,1,0,1,0,32.48955911,0
880,0,0,0,0,0,0,0,0,0,0,0,0,0,0,0,0,0,0,0,0,0,51.33349083,1,0,1,0,42.7787093,0
881,0,0,0,0,0,0,0,0,0,0,0,0,0,0,0,0,0,0,0,0,0,61.98322634,1,1,0,0,47.17677936,0
882,0,0,0,0,0,0,0,0,0,0,0,0,0,0,0,0,0,0,0,0,1,80.18954707,2,1,0,0,64.03988299,0
883,0,0,0,0,0,0,0,0,0,0,0,0,0,0,0,0,1,0,1,0,0,60.25812497,2,0,1,0,46.50646343,0
884,0,0,0,0,0,0,0,0,0,0,0,0,0,0,0,0,0,0,0,1,0,72.84853847,1,0,1,0,42.96725432,0
885,0,0,0,0,0,0,0,0,0,0,0,0,0,0,0,0,0,0,0,0,0,79.97844826,1,1,0,0,66.41025765,0
886,0,0,0,0,0,0,0,0,0,0,0,0,0,0,0,0,0,0,1,0,1,40.75550798,2,1,0,0,50.00875547,0
887,0,0,0,0,0,0,0,0,0,0,0,1,0,0,0,0,0,0,0,0,0,49.8443833,1,0,1,0,47.87418265,0
888,0,0,0,0,0,0,0,0,0,0,0,0,0,0,0,0,0,0,0,0,0,62.56226308,1,0,0,1,45.68613571,0
889,0,0,0,0,0,0,0,0,0,0,0,0,0,0,0,0,0,0,1,0,0,63.72139729,1,0,1,0,58.65350243,0
890,0,0,0,0,0,0,0,0,0,0,0,0,0,0,0,0,0,0,0,0,0,63.29078464,1,0,1,0,62.30377235,0
891,0,0,0,0,0,0,0,0,0,0,0,0,0,0,0,0,0,0,0,0,0,54.74743935,1,1,0,0,50.18147261,0
892,0,0,0,0,0,0,0,1,0,0,0,0,0,0,0,0,0,0,1,0,0,55.60786172,1,0,0,0,55.11858623,0
893,0,0,0,0,0,0,0,0,0,0,0,0,0,0,0,0,0,0,1,1,0,70.89283819,2,1,0,0,63.01330406,0
894,0,0,0,0,0,0,0,0,0,0,0,0,0,0,0,0,0,0,0,0,0,63.9503581,1,0,0,1,66.61593093,1
895,0,0,0,0,0,0,0,0,0,0,0,0,0,0,0,0,0,0,0,0,0,75.50859321,2,0,0,0,49.73963513,0
896,0,0,0,0,0,0,0,0,0,0,0,0,0,0,0,0,0,0,1,1,0,70.08877257,2,1,0,0,38.83698982,0
897,0,0,0,0,0,0,0,0,0,0,0,0,0,0,0,0,0,0,0,1,0,59.89549536,2,0,1,0,48.20421149,0
898,0,0,0,0,0,0,0,0,0,0,0,0,0,0,0,0,0,0,1,1,0,62.8172076,2,1,0,0,61.14992238,0
899,0,0,0,0,0,0,0,0,0,0,0,0,0,0,0,0,0,0,0,0,1,58.71746558,2,1,0,0,45.62243816,0
900,0,0,0,0,0,0,0,0,0,1,0,0,0,0,0,0,0,0,1,0,0,56.87607427,2,0,1,0,58.83574625,0
901,0,0,0,0,0,0,0,0,0,0,0,0,0,0,0,0,0,0,0,0,0,57.5951305,1,1,0,0,39.54685943,0
902,0,0,0,0,0,0,0,0,0,0,0,0,0,0,0,0,0,0,0,0,0,75.41440897,2,0,1,0,35.60116223,0
903,0,0,0,0,0,0,0,0,0,0,0,0,0,0,0,0,0,0,0,1,0,79.72075707,1,1,0,0,65.77483955,0
904,0,0,0,0,0,0,0,0,0,0,0,0,0,0,0,0,0,0,0,0,0,52.0830556,1,0,0,1,42.14825002,0
905,0,0,0,0,0,0,0,0,0,0,0,0,0,0,0,0,0,0,0,0,0,37.79752631,2,0,0,1,20.06711569,0
906,0,0,0,0,0,0,0,0,0,0,0,0,0,0,0,0,0,0,1,0,0,72.70488463,2,1,0,0,59.81919939,0
907,0,0,0,0,0,0,0,0,0,0,0,0,0,0,0,0,0,0,1,0,0,78.87136357,1,1,0,0,69.14096976,0
908,0,0,0,0,0,0,0,0,0,0,0,0,0,0,0,0,0,0,0,0,0,68.14508699,2,1,0,0,60.70167359,0
909,0,0,0,0,0,0,0,0,0,0,0,0,0,0,0,0,0,0,0,0,0,55.026113,1,0,0,0,56.3752118,0
910,0,0,0,0,0,0,0,0,0,0,0,0,0,0,0,0,0,0,0,0,0,56.73282136,2,1,0,0,57.03262347,0
911,0,0,0,0,0,0,0,0,0,0,0,0,0,0,0,0,0,0,1,0,1,61.82621808,2,0,0,1,30.33759872,0
912,0,0,0,0,0,0,0,0,0,0,0,0,0,0,0,0,0,0,0,2,0,61.24068675,2,0,0,1,46.07381012,0
913,0,0,0,0,0,0,0,0,0,0,0,0,0,0,0,0,0,0,0,1,1,58.43593433,2,0,0,1,62.86012445,0
914,0,0,0,0,0,0,0,0,0,0,0,0,0,0,0,0,0,0,0,1,1,60.77887906,1,0,1,0,60.64175997,0
915,0,0,0,0,0,0,0,0,0,0,0,0,0,0,0,0,0,0,0,0,0,53.81002129,1,0,0,1,46.97982091,1
916,0,0,0,0,0,0,0,0,0,0,0,0,0,0,0,0,0,0,0,1,0,39.35935065,1,0,0,1,41.15884825,0
917,0,0,0,0,0,0,0,0,0,0,0,0,0,0,0,0,0,0,0,0,0,61.14044222,2,0,0,0,37.63914119,0
918,0,0,0,0,0,0,0,0,0,0,0,0,0,0,0,0,0,0,1,0,0,65.87092802,1,1,0,0,64.17935406,0
919,0,0,0,0,0,0,0,0,0,0,0,0,0,0,0,0,0,0,0,0,0,72.99422884,2,0,1,0,58.04620098,0
920,0,0,0,0,0,0,0,0,0,0,0,0,0,0,0,0,0,0,0,0,0,61.18773605,2,0,1,0,70.24957031,1
921,0,0,0,0,0,0,0,0,0,0,0,0,0,0,0,0,0,0,0,0,0,55.91931274,2,0,1,0,60.285232,0
922,0,0,0,0,0,0,0,0,0,0,0,0,0,0,0,0,0,0,0,1,0,72.08597501,1,0,0,1,36.96431614,0
923,0,0,0,0,0,0,0,0,0,0,0,0,0,0,0,0,0,0,0,0,0,42.61569029,1,0,0,1,44.35856822,0
924,0,0,0,0,0,0,0,0,0,0,0,0,0,0,0,0,0,0,0,0,0,65.9476784,1,0,0,0,58.83940206,0
925,0,0,0,0,0,0,0,0,0,0,0,0,0,0,0,0,0,0,0,0,0,63.12792563,1,0,1,0,35.27258922,0
926,0,0,0,0,0,0,0,0,0,0,0,0,0,0,0,0,0,0,1,0,0,48.83894372,1,1,0,0,30.28995327,0
927,0,0,0,0,0,0,0,0,0,0,0,0,0,0,0,0,0,0,1,0,0,72.33639721,1,0,0,1,49.60933968,0
928,0,0,0,0,0,0,0,0,0,0,0,0,0,0,0,0,0,0,0,0,1,53.04568024,2,0,1,0,60.09945111,0
929,0,0,0,0,0,0,0,1,0,0,0,0,0,0,0,0,0,0,0,0,0,65.41458689,1,0,0,0,41.9002929,0
930,0,0,0,0,0,0,0,0,0,0,0,0,0,0,0,0,0,0,0,0,0,62.32165845,2,1,0,0,55.98046957,0
931,0,0,0,0,0,0,0,0,0,0,0,0,0,0,0,0,0,0,0,0,0,67.01162133,2,0,1,0,58.68171131,0
932,0,0,0,0,0,0,0,0,0,0,0,0,0,0,0,0,0,0,0,1,1,59.9587377,2,0,1,0,65.40954397,1
933,0,0,0,0,0,0,0,0,0,0,0,0,0,0,0,0,0,0,0,0,0,59.17292828,2,0,0,1,34.2691398,0
934,0,0,0,0,0,0,0,0,0,0,0,0,0,0,0,0,0,0,0,0,0,66.46555679,1,0,1,0,60.41084137,0
935,0,0,0,0,0,0,0,0,0,0,0,0,0,0,0,0,0,0,0,0,0,51.46241211,1,0,0,1,49.63063331,0
936,0,0,0,0,0,0,0,0,0,0,0,0,0,0,0,0,0,0,0,0,0,48.13984396,2,1,0,0,44.99521257,0
937,0,0,0,0,0,0,0,0,0,0,0,0,0,0,0,0,0,0,0,1,0,64.40286275,2,1,0,0,45.26819781,0
938,0,0,0,0,0,0,0,0,0,0,0,0,0,0,0,0,0,0,0,0,1,66.74526452,1,0,1,0,24.49200102,0
939,0,0,0,0,0,0,0,0,0,0,0,0,0,0,0,1,0,0,0,0,0,48.72917348,1,1,0,0,42.06909867,0
940,0,0,0,0,0,0,0,0,0,0,0,0,0,0,0,0,0,0,0,0,0,77.42329529,2,1,0,0,65.76292964,0
941,0,0,0,0,0,0,0,0,0,0,0,0,0,0,0,0,0,0,0,0,0,59.83046521,1,1,0,0,46.62144066,0
942,0,0,0,0,0,0,0,0,0,0,0,0,0,0,0,0,0,0,0,1,0,62.60465377,2,0,0,0,42.24225324,0
943,0,0,0,0,0,0,0,0,0,0,0,0,0,0,0,0,0,0,0,0,0,57.29813874,2,0,0,0,34.15936034,0
944,0,0,0,0,0,0,0,0,0,0,0,0,0,0,0,0,0,0,0,0,0,55.51634967,1,1,0,0,44.61416161,0
945,0,0,0,0,0,0,0,0,0,0,0,0,0,0,0,0,0,0,0,0,0,43.20277549,1,0,1,0,42.00613722,0
946,0,0,0,0,0,0,0,0,0,0,0,0,0,0,0,0,0,0,0,0,0,52.20676337,2,1,0,0,45.58230661,0
947,0,0,0,0,0,0,0,0,0,0,0,0,0,0,0,0,0,0,0,0,0,77.19533696,2,0,1,0,45.8009495,0
948,0,0,0,0,0,0,0,0,0,0,0,0,0,0,0,0,0,0,1,0,0,70.70159206,2,0,0,0,40.89014294,0
949,0,0,0,0,0,0,0,0,0,0,0,0,0,0,0,0,0,0,0,0,0,53.01293336,1,0,1,0,36.83353202,0
950,0,0,0,0,0,0,0,0,0,0,0,0,0,0,0,0,0,0,1,1,0,67.41851877,2,0,0,0,39.27428952,0
951,0,0,0,0,0,0,0,0,0,0,0,0,0,0,0,0,0,0,0,1,0,80.82390732,1,0,0,1,46.66106107,0
952,0,0,0,0,0,0,0,0,0,0,0,0,0,0,0,0,0,0,0,0,0,62.53395106,2,1,0,0,52.63409079,0
953,0,0,0,0,0,0,0,0,0,0,0,0,0,0,0,0,0,0,1,0,0,51.43557084,1,1,0,0,55.44853179,0
954,0,0,0,0,0,0,0,0,0,0,0,0,0,0,0,0,0,0,0,0,0,55.28734603,2,1,0,0,49.58700252,0
955,0,0,0,0,0,0,0,0,0,0,0,0,0,0,0,0,0,0,0,0,0,63.48889577,1,1,0,0,49.5152164,0
956,0,0,0,0,0,0,0,0,0,0,0,0,0,0,0,0,0,0,0,1,0,50.80098023,1,1,0,0,40.95901757,0
957,0,0,0,0,0,0,0,0,0,0,0,0,0,0,0,0,0,0,0,0,0,48.86111526,1,1,0,0,37.58107802,0
958,0,0,0,0,0,0,0,0,0,0,0,0,0,0,0,0,0,0,1,0,0,69.97188519,2,1,0,0,59.59442582,0
959,0,0,0,0,0,0,0,0,0,0,0,0,0,0,0,0,0,0,1,1,0,64.7789813,1,1,0,0,51.23699922,0
960,0,0,0,0,0,0,0,0,0,0,0,0,0,0,0,0,0,0,0,0,0,45.09599148,2,1,0,0,60.91510859,0
961,0,0,0,0,0,0,0,0,0,0,0,0,0,0,0,0,0,0,1,0,0,66.52441594,2,1,0,0,60.19586121,0
962,0,0,0,0,0,0,0,0,0,0,0,0,0,0,0,0,0,0,0,0,0,67.37087755,1,1,0,0,53.85404985,0
963,0,0,0,0,0,0,0,0,0,0,0,0,0,0,0,0,0,0,1,0,0,83.6048589,1,1,0,0,61.02516918,0
964,0,0,0,0,0,0,0,0,0,0,0,0,0,0,0,0,0,0,0,0,0,57.12712277,2,0,0,1,44.55007048,0
965,0,0,0,0,0,0,0,0,0,0,0,0,0,0,0,0,0,0,0,1,0,55.64445464,2,1,0,0,49.71315933,0
966,0,0,0,0,0,0,0,0,0,0,0,0,0,0,0,0,0,0,0,0,0,54.63250513,1,0,0,1,40.93902321,0
967,0,0,0,0,0,0,0,0,0,0,0,0,0,0,0,0,0,0,0,0,0,69.13152612,1,1,0,0,56.91348474,0
968,0,0,0,0,0,0,0,0,0,0,0,0,0,0,0,0,0,0,0,0,0,59.28214676,1,0,0,0,57.92328844,0
969,0,0,0,0,0,0,0,0,0,0,0,0,0,0,0,0,0,0,0,0,0,60.61832906,2,0,0,0,44.89556277,0
970,0,0,0,0,0,0,0,0,0,0,0,0,0,0,0,0,0,0,1,1,0,53.89718118,2,0,0,1,60.24274042,0
971,0,0,0,0,0,0,0,0,0,0,0,0,0,0,0,0,0,0,0,0,0,79.68818462,2,0,0,0,36.62245294,0
972,0,0,0,0,0,0,0,0,0,0,0,0,0,0,0,0,0,0,0,0,0,62.36414176,1,0,1,0,53.21996615,0
973,0,0,0,0,0,0,0,0,0,0,0,0,0,0,0,0,0,0,0,0,0,64.71826046,1,1,0,0,43.94253989,0
974,0,0,0,0,0,0,0,0,0,0,0,0,0,0,0,0,0,0,0,0,0,63.62991792,2,0,1,0,64.16778464,0
975,0,0,0,0,0,0,0,0,0,0,0,0,0,0,0,0,0,0,2,0,1,45.50089308,2,1,0,0,43.64385278,0
976,0,0,0,0,0,0,0,0,0,0,0,0,0,0,0,0,0,0,0,0,0,49.79558628,2,1,0,0,36.75553144,0
977,0,0,0,0,0,0,0,0,0,0,0,0,0,0,0,0,0,0,1,0,1,60.46889342,2,0,1,0,54.00420262,0
978,0,0,0,0,0,0,0,0,0,0,0,0,0,0,0,0,0,0,0,0,0,69.77175892,2,0,0,0,37.57645158,0
979,0,0,0,0,0,0,0,0,0,0,0,0,0,0,0,0,0,0,0,1,1,47.74005465,1,1,0,0,40.07595483,0
980,0,0,0,0,0,0,0,0,0,0,0,0,0,0,0,0,0,0,0,0,0,66.48536047,2,0,0,1,47.89580103,0
981,0,0,0,0,0,0,0,0,0,0,0,0,0,0,0,0,0,0,0,0,0,64.6365219,1,1,0,0,45.99018233,0
982,0,0,0,0,0,0,0,0,0,0,0,0,0,0,0,0,0,0,0,0,1,62.43865939,2,1,0,0,51.16678141,0
983,0,0,0,0,0,0,0,0,0,0,0,0,0,0,0,0,0,0,0,0,1,77.3000727,2,1,0,0,41.89874805,0
984,0,0,0,0,0,0,0,0,0,0,0,0,0,0,0,0,0,0,0,0,0,59.13861317,1,1,0,0,51.26409364,0
985,0,0,0,0,0,0,0,0,0,0,0,0,0,0,0,0,0,0,0,0,0,77.12756332,2,0,0,0,38.15483286,0
986,0,0,0,0,0,0,0,0,0,0,0,0,0,0,0,0,0,0,0,0,0,49.05315283,1,0,0,0,26.58426379,0
987,0,0,0,0,0,0,0,0,0,0,0,0,0,0,0,0,0,0,0,0,0,60.50104904,2,0,1,0,55.03017364,0
988,0,0,0,0,0,0,0,0,0,0,0,0,0,0,0,0,0,0,0,0,1,62.5893909,1,0,1,0,30.88288687,0
989,0,0,0,0,0,0,0,0,0,0,0,0,0,0,0,0,0,0,0,0,0,62.46403125,2,1,0,0,48.02224749,0
990,0,0,0,0,0,0,0,0,0,0,0,0,0,0,0,0,0,0,0,0,0,62.87569079,1,1,0,0,44.59728741,0
991,0,0,0,0,0,0,0,0,0,0,0,0,0,0,0,0,0,0,1,0,1,69.20797714,1,0,1,0,62.42402367,0
992,0,0,0,0,0,0,0,0,0,0,0,0,0,0,0,0,0,0,1,0,1,57.92493593,2,1,0,0,23.4481159,0
993,0,0,0,0,0,0,0,0,0,0,0,0,0,0,0,0,0,0,0,0,0,54.33840308,2,1,0,0,47.24994602,0
994,0,0,0,0,0,0,0,0,0,0,0,0,0,0,0,0,0,0,0,0,1,57.33487031,1,0,1,0,40.33491831,0
995,0,0,0,0,0,0,0,0,0,0,0,0,0,0,0,0,0,0,1,0,0,70.36300836,1,0,0,0,53.54460351,0
996,0,0,0,0,0,0,0,0,0,0,0,0,0,0,0,0,0,0,0,1,0,72.5234947,1,0,1,0,39.93835407,0
997,0,0,0,0,0,0,0,0,0,0,0,0,0,0,0,0,0,0,0,0,0,50.38938479,1,1,0,0,65.3130192,0
998,0,0,0,0,0,0,0,0,0,0,0,0,0,0,0,0,0,0,0,1,0,59.28284246,1,0,1,0,75.30691881,1
999,0,0,0,0,0,0,0,0,0,0,0,0,0,0,0,0,0,0,0,0,0,75.04063545,1,0,0,0,60.03659173,0
1000,0,0,0,0,0,0,0,0,0,0,0,0,0,0,0,0,0,0,0,0,0,56.53609368,2,1,0,0,43.49493874,1
